herb_id,herb_name,herb_name_latin,nature_vi,temp_property,yin_yang,element_group,category_vi,meridian,indication_vi,safety_note,data_source
H001,Ba kích,Morinda officinalis,"Cam, tân",Ôn,Dương,Thủy,Thuốc bổ dương (thuốc trợ dương),Thận,"Bổ thận dương, mạnh gân cốt, dùng cho thận dương suy nhược gây liệt dương, di tinh, tiết tinh sớm, đau lưng mỏi gối, phụ nữ đau bụng dưới, hiếm muộn, người già lưng đau gối mỏi","Kiêng dùng cho người âm hư hỏa thịnh, đại tiện bí táo","Sách: ĐHY.Dược Học Cổ Truyền (NXB Y Học 2002) - Phạm Xuân Sinh,  trang 349"
H002,Bách bộ,Stemona tuberosa,"Cam, khổ",Ôn,Dương,Kim,"Thuốc hóa đàm, chỉ ho, bình suyễn",Phế,"Ôn phế, nhuận phế, chỉ khái, dùng cho ho lâu ngày do viêm khí quản, ho gà, lao hạch cổ kết quả, ho do viêm họng, thanh tràng trị viêm đại tràng mạn, giải độc, diệt giun kim, diệt chấy rận","Kiêng dùng cho người dạ dày và ruột yếu, tiêu chảy","Sách: ĐHY.Dược Học Cổ Truyền (NXB Y Học 2002) - Phạm Xuân Sinh,  trang 245"
H003,Bạch chỉ,Angelica dahurica,Tân,Ôn,Dương,"Kim, Thổ",Thuốc giải biểu cay ấm,"Phế, Vị, Đại trường","Giải cảm hàn, trừ phong giảm đau, dùng cho đau đầu, đau vùng trán và hai bên thái dương, đau răng, viêm mũi mạn, nghẹt mũi, chảy nước mũi; tiêu viêm, bài mủ trong nhọt độc, viêm tuyến vú, rắn cắn, hành huyết điều kinh, giảm đau bụng kinh, đau ngực","Kiêng dùng cho người thuộc chứng hư, uất hỏa, sốt xuất huyết không nên dùng","Sách: ĐHY.Dược Học Cổ Truyền (NXB Y Học 2002) - Phạm Xuân Sinh,  trang 176"
H004,Bạch biến đậu (Đậu ván),Lablab purpureus L,Cam,Ôn,Dương,Thổ,Thuốc bổ khí,"Tỳ, Vị","Kiện tỳ, hòa trung, giải thử, hóa thấp. Trị cảm nắng, nôn mửa, tiêu chảy","Không dùng khi thực nhiệt, táo bón","Sách: ĐHY.Dược Học Cổ Truyền (NXB Y Học 2002) - Phạm Xuân Sinh,  trang 290"
H005,Bạch cương tằm,Bombyx mori L.,"Hàm, tân",Bình,Trung tính,"Hỏa, Mộc, Thổ, Kim",Thuốc bình can tắt phong,"Tâm, Can, Tỳ, Phế","Trị can phong nội động gây đau đầu, chóng mặt, sốt cao, co giật, thiên đầu thống, đau cổ họng, viêm amidan cấp, mất tiếng và trẻ em khóc đêm (khóc dạ đề). Giải độc, trị sang lở, mụn nhọt hoặc các vết sạm ở mặt",Những người huyết hư hoặc thể hư mà không có phong tà thì không nên dùng.,"Sách: ĐHY.Dược Học Cổ Truyền (NXB Y Học 2002) - Phạm Xuân Sinh,  trang 258"
H006,Bạch giới tử,Sinapis alba L.,"Tân, ôn",Ôn,Dương,Kim,Thuốc hóa đàm hàn,Phế,"Trị bệnh ho do đàm hàn ngưng đọng ở phế, hoặc suyễn tức, nhiều đàm mà loãng, ngực đau đầy trướng. Hành khí, giảm đau đối với trường hợp khí trệ, đàm ứ đọng, đau khớp. Tiêu ung nhọt, tán kết: dùng đối với nhọt bọc hoặc viêm hạch lâm ba","Những người khí hư có nhiệt và ho khan do phế hư không nên dùng. Chú ý: Có thể gây kích thích da, sung huyết, đỏ đau hoặc dộp da nếu tiếp xúc lâu; uống quá liều có thể gây nôn, viêm dạ dày, ruột, đau bụng","Sách: ĐHY.Dược Học Cổ Truyền (NXB Y Học 2002) - Phạm Xuân Sinh,  trang 237"
H007,Bạch mao căn,Imperata cylindrica (L.) P. Beauv,Cam,Hàn,Âm,"Kim, Thổ",Thuốc thanh nhiệt lương huyết,"Phế, Vị","Trừ phục nhiệt, tiêu ứ huyết: dùng khi nội nhiệt sinh phiền khát, phế nhiệt sinh ho, suyễn tức, khó thở, ngực đầy trướng, bí tích, vị nhiệt sinh nôn lợm.
 Lương huyết chỉ huyết: dùng khi tiểu tiện ra máu, thổ huyết, máu cam, ho ra máu.
 Lợi niệu tiêu phù nề: dùng trong bệnh viêm thận cấp, tiểu tiện khó khăn, đái dắt, đái buốt, bệnh hoàng đản thấp nhiệt.
Thanh phế chỉ ho: phối hợp phòng bệnh ho gà.",Phụ nữ có thai và những người ở thể hư hàn không có thực nhiệt không nên dùng.,"Sách: ĐHY.Dược Học Cổ Truyền (NXB Y Học 2002) - Phạm Xuân Sinh,  trang 233"
H008,Bạch tật lê,Tribulus terrestris,"Khổ, tân",Ôn,Dương,"Mộc, Kim",Thuốc bình can tắt phong,"Can, Phế","Công năng: Bình can tiềm dương, hành khí trong can và giải uất, khu phong giảm ngứa, làm sáng mắt. Chủ trị: Can dương vượng, nhức đầu, chóng mặt, Can uất khí trệ, hông sườn đầy trướng, ngứa toàn thân, sưng đỏ mắt",Người huyết hư khí yếu không dùng.,"https://duocdienvietnam.com/bach-tat-le-qua/
category_vi:  Sách: ĐHY.Dược Học Cổ Truyền (NXB Y Học 2002) - Phạm Xuân Sinh,  trang 260"
H009,Bạch truật (Thân rễ),Atractylodes macrocephala Koidz.,"Khổ, cam",Ôn,Dương,Thổ,Thuốc hành khí giải uất,"Tỳ, Vị","Tác dụng: Kiện tỳ ích khí, táo thấp, lợi thủy, cố biểu liễm hân, an thai. Chủ trị: Tiêu hoá kém, bụng trướng tiêu chảy, phù thũng, tự hãn, động thai.","Âm hư nội nhiệt, tân dịch hư hao gây đại tiện táo, không dùng","https://duocdienvietnam.com/bach-truat-than-re/
category_vi:  Sách: ĐHY.Dược Học Cổ Truyền (NXB Y Học 2002) - Phạm Xuân Sinh,  trang 285"
H010,Bồ công anh,Lactuca indica L.,"Khổ, cam",Hàn,Âm,"Mộc, Thổ",Thuốc thanh nhiệt giải độc,"Can, Vị","Thanh nhiệt giải độc, tiêu viêm tán kết. Chủ trị: Mụn nhọt sang lở, tắc tia sữa, viêm tuyến vú, nhiễm trùng đường tiết niệu.","Các chứng âm hư hoặc tràng nhạc, ung nhọt đã vỡ cấm dùng","https://duocdienvietnam.com/bo-cong-anh/
category_vi:  Sách: ĐHY.Dược Học Cổ Truyền (NXB Y Học 2002) - Phạm Xuân Sinh,  trang 202"
H011,Chỉ thực,Citrus aurantium L.,"Khổ, tân, toan",Vi hàn,Âm,Thổ,Thuốc phá khí giáng nghịch,"Tỳ, Vị","Phá khí tiêu tích, hóa đờm tiêu bĩ. Chủ trị: Thực tích, thực nhiệt tích ờ đại tràng gây táo bón, đàm trọc ứ trệ ở ngực gây đau trong ngực, ăn không tiêu, bụng đầy trướng.","Phụ nữ có thai, tỳ vị hư hàn mà không đầy tích thì không nên dùng","https://duocdienvietnam.com/chi-thuc/
category_vi:  Sách: ĐHY.Dược Học Cổ Truyền (NXB Y Học 2002) - Phạm Xuân Sinh,  trang 280"
H012,Chỉ xác,Citrus aurantium L.,"Khổ, tân",Lương,Âm,Thổ,Thuốc phá khí giáng nghịch,"Tỳ, Vị","Phá khí hóa đờm tiêu tích (Hòa hoãn hơn Chi thực. Chủ trị: Ngực sườn trướng đau do khí trệ, khó tiêu do đờm trệ.","Tỳ vị hư hàn không có tích trệ, phụ nữ có thai không nên dùng.","https://duocdienvietnam.com/chi-xac/
category_vi:  Sách: ĐHY.Dược Học Cổ Truyền (NXB Y Học 2002) - Phạm Xuân Sinh,  trang 280"
H013,Cỏ nhọ nồi,Herba Ecliptae,"Cam, toan",Hàn,Âm,"Mộc, Thủy",Thuốc chỉ huyết,"Can, Thận","Công năng: Lương huyết, chỉ huyết, bổ can thận. Chủ trị: Can, thận âm hư, các chứng huyết nhiệt, chứng ho ra máu, nôn ra máu, đại tiện và tiểu tiện ra máu, chảy máu cam, chảy máu dưới da, băng huyết, rong huyết.",Tỳ vị hư hàn. ỉa chảy phân sống không nên dùng.,"https://duocdienvietnam.com/co-nho-noi/
category_vi:  Sách: ĐHY.Dược Học Cổ Truyền (NXB Y Học 2002) - Phạm Xuân Sinh,  trang 304"
H014,Cúc hoa,Chrysanthemum indicum L.,"Cam, khổ",Bình,Trung tính,"Kim, Mộc, Hỏa, Thổ",Thuốc giải biểu cay mát,"Phế, Can, Tâm, Đởm, Vị, Tỳ, Đại trường, Tiểu trường, 8 kinh","Giải cảm nhiệt, thanh nhiệt, thanh can minh mục; dùng cho sốt do cảm mạo, đau đầu, đau mắt đỏ, mắt sưng đau, chóng mặt do can phong nhiệt; hỗ trợ hạ huyết áp; chữa mụn nhọt, viêm da và một số bệnh ngoài da.",Không dùng cho người tỳ vị hư hàn hoặc đau đầu do phong hàn; thận trọng khi dùng kéo dài hoặc liều cao.,"Sách: ĐHY.Dược Học Cổ Truyền (NXB Y Học 2002) - Phạm Xuân Sinh,  trang 183"
H015,Đan sâm (Rễ và Thân rễ),Salviae multiorrhizae,Khổ,Vi hàn,Âm,"Hỏa, Mộc",Thuốc hoạt huyết,"Tâm, Can","Hoạt huyết, thông kinh, giảm đau, thanh tâm lương huyết. Chù trị: Kinh nguyệt không đều, kinh nguyệt bế tắc, hành kinh đau bụng, huyết tích hòn cục, đau thắt ngực, mất ngủ, tâm phiền.",Không dùng chung với Lê lô.,"https://duocdienvietnam.com/dan-sam-re-va-than-re/
category_vi:  Sách: ĐHY.Dược Học Cổ Truyền (NXB Y Học 2002) - Phạm Xuân Sinh,  trang 291"
H016,Địa long (Giun đất),Pheretima,Hàm,Hàn,Âm,"Mộc, Thổ, Kim, Thủy",Thuốc bình suyễn,"Can, Tỳ, Phế, Bàng quang","Thanh nhiệt, trấn kinh, thông kinh lạc, bình suyễn, lợi niệu. Chủ trị: Sốt cao bất tỉnh, kinh giản co quắp, đau khớp, chân tay tê bại, bán thân bất toại, trúng phong ho suyễn do phế nhiệt, phú thùng, tiểu ít, cao huyết áp.",Không dùng cho người hư hàn.,"https://duocdienvietnam.com/dia-long/
category_vi:  Sách: ĐHY.Dược Học Cổ Truyền (NXB Y Học 2002) - Phạm Xuân Sinh,  trang 254"
H017,Đỗ trọng,Cortex Eucommiae,"Cam, vi tân",Ôn,Dương,"Mộc, Thủy",Thuốc bổ dưỡng,"Can, Thận","Hạ áp, hạ cholesterol, giãn mạch, kháng viêm, chống co giật, giảm đau, cầm máu, lợi tiểu. Ôn thận, tráng dương, mạnh gân cốt, an thai, nhuận can táo, bổ can hư. Chủ trị: Trị thận hư, hai bên thăn lưng đau, liệt dương, rong kinh, đầu đau, chóng mặt do thận hư. Rất thông dụng trong các bài ngâm rượu. Dưỡng thai, dùng trong trường hợp thai động, trụy thai.","Không phải can thận hư hoặc âm hư hỏa vượng không nên dùng. Kỵ Huyền sâm, Xà thoái","https://duocdienvietnam.com/do-trong-vo-than/
category_vi:  Sách: ĐHY.Dược Học Cổ Truyền (NXB Y Học 2002) - Phạm Xuân Sinh,  trang 350"
H018,Đương quy,Radix Angelicae sinensis,"Cam, tân",Ôn,Dương,"Hỏa, Mộc, Thổ",Thuốc bổ huyết,"Tâm, Can, Tỳ","Bổ huyết, hoạt huyết, điều kinh, giảm đau, nhuận tràng. Chủ trị: Huyết hư, chóng mặt. Kinh nguyệt không đềụ, bế kinh, đau bụng kinh, táo bón do huyết hư. Phong thấp tê đau, sưng đau do sang chấn. Đương quy chích rượu có tác dụng điều trị bế kinh, đau bụng kinh, phong thấp tê đau, sưng đau do sang chấn. Toàn Quy có tác dụng hòa huyết (vừa bổ huyết vừa hoạt huyết). Quy vĩ có tác dụng hoạt huyết hóa ứ. Quy thân có tác dụng dương huyết bổ huyết. Quy đầu có tác dụng chỉ huyết.","Tỳ vị có thấp nhiệt, đại tiện lỏng không nên dùng.","https://duocdienvietnam.com/duong-quy-re/
category_vi:  Sách: ĐHY.Dược Học Cổ Truyền (NXB Y Học 2002) - Phạm Xuân Sinh,  trang 312"
H019,Hà thủ ô đỏ (Rễ),Radix Fallopiae multiflorae,"Khổ, cam, sáp",Ôn,Dương,"Mộc, Thủy",Thuốc bổ huyết,"Can, Thận","Dưỡng huyết, bổ can thận, nhuận tràng thông tiện, làm xanh tóc. Chủ trị: Huyết hư thiếu máu, da xanh, gầy, đau lưng, di tinh, tóc bạc sớm, táo bón.","Chú ý: Hà thủ ô đỏ chưa qua chế biến bị chát se, khi dùng cần ngâm với nước gạo rồi chế với nước sắc đậu đen. Làm tăng nhu động của ruột và dạ dày (do đó mà có thể kích thích tiêu hóa, kiện vị). Hà thủ ô đỏ cón có tác dụng gây hưng phấn tim. Chất lexetin có trong hà thủ ô đỏ có tác dụng bổ thần kinh, có khả năng làm cho chất cholesterol trầm tích trong gan làm giảm tác dụng xơ cứng động mạch. Với nồng độ pha loãng của dịch chiết 1/100 có tác dụng ức chế trực khuẩn lao. Ngoải ra còn có tác dụng ức chế Staphylococcus aureus Streptococcus. Khi thu hái cần có ý thức giâm lại dây để cây thuốc tiếp tục phát triển","https://duocdienvietnam.com/ha-thu-o-do-re/
category_vi, safety_note:  Sách: ĐHY.Dược Học Cổ Truyền (NXB Y Học 2002) - Phạm Xuân Sinh,  trang 314"
H020,Hải mã (Cá ngựa),Hippocampus,"Cam, hàm",Ôn,Dương,"Mộc, Thủy",Thuốc bổ dương (thuốc trợ dương),"Can, Thận","Ôn thận tráng dương, tán kết tiêu thũng. Chủ trị: Liệt dương, di niệu, thận hư, tái xuyễn, trưng hà, u cục ở trong bụng, ngã tổn thương. Dùng ngoài trị mụn nhọt sưng đau.",Phụ nữ mang thai kiêng dùng,"https://duocdienvietnam.com/ca-ngua/
category_vi:  Sách: ĐHY.Dược Học Cổ Truyền (NXB Y Học 2002) - Phạm Xuân Sinh,  trang 356"
H021,Hậu phác (Vỏ),Cortex Magnoliae officinalis,"Khổ, tân",Ôn,Dương,"Thổ, Kim",Thuốc hành khí giải uất,"Tỳ, Vị, Phế,  Đại trường","Ôn trung hạ khí, táo thấp tiêu đờm. Chủ trị: Thượng vị đầy trướng, nôn mửa, tiết tả, thực tích, ho, suyễn.","Tỳ vị hư yếu, nguyên khí kém, phụ nữ có thai thận trọng khi dùng.","https://duocdienvietnam.com/hau-phac-vo/
category_vi:  Sách: ĐHY.Dược Học Cổ Truyền (NXB Y Học 2002) - Phạm Xuân Sinh,  trang 276"
H022,Hoắc hương,Herba Pogostemonis,Tân,Ôn,Dương,"Thổ, Kim",Thuốc hóa thấp,"Tỳ, Vị, Phế","Giải thử, hóa thấp, chỉ nôn. Chủ trị: Chữa cảm nắng, hoắc loạn, bụng đầy trướng, nôn mửa, ỉa chảy.","hông dùng cho người âm hư, khí hư.","https://duocdienvietnam.com/hoac-huong/
category_vi:  Sách: ĐHY.Dược Học Cổ Truyền (NXB Y Học 2002) - Phạm Xuân Sinh,  trang 330"
H023,Hoàng cầm (Rễ),Radix Scutellariae,Khổ,Hàn,Âm,"Hỏa, Kim, Mộc",Thuốc thanh nhiệt táo thấp,"Tâm, Phế, Can Đờm, Đại trường, Tiểu trường","Thanh nhiệt táo thấp, tả hòa giải độc, an thai. Chủ trị: Phế nhiệt ho đờm đặc, đau sưng họng, nôn ra máu, máu cam, viêm gan mật, kiết lỵ, tiêu chảy, mụn nhọt, lở ngứa, động thai chảy máu.","Người tỳ vị hư hàn, không có thấp nhiệt, thực hỏa thì không nên dùng.","https://duocdienvietnam.com/hoang-cam-re/
category_vi:  Sách: ĐHY.Dược Học Cổ Truyền (NXB Y Học 2002) - Phạm Xuân Sinh,  trang 222"
H024,Hoàng tinh (Thân rễ),Rhizoma Polygonati,Cam,Bình,Trung tính (Thiên Dương),"Thổ, Kim, Thủy",Thuốc bổ âm (dưỡng âm),"Tỳ, Phế, Thận","Kiện tỳ, nhuận phế, ích thận. Chủ trị: Tỳ vị hư nhược, cơ thể mệt mỏi, sức yếu, miệng khô, ăn kém, phế hư ho khan, tinh huyết bất túc, nội nhiệt tiêu khát.","Người phế vị có đờm thấp nặng, không nên dùng.","https://duocdienvietnam.com/hoang-tinh-than-re/
category_vi:  Sách: ĐHY.Dược Học Cổ Truyền (NXB Y Học 2002) - Phạm Xuân Sinh,  trang 342"
H025,Huyền sâm (Rễ),Radix Scrophulariae,"Khổ, hàm",Hàn,Âm,"Kim, Thủy",Thuốc thanh nhiệt giáng hỏa,"Phế, Thận","Tư âm giáng hỏa, lương huyết giải độc. Chủ trị: sốt cao, sốt nóng về chiều, viêm họng, phát ban, mụn nhọt, mẩn ngứa, táo bón.","Tỳ vị hư hàn, tiêu hóa rối loạn không dùng. Không dùng chung với Lê lô.","https://duocdienvietnam.com/huyen-sam-re/
category_vi:  Sách: ĐHY.Dược Học Cổ Truyền (NXB Y Học 2002) - Phạm Xuân Sinh,  trang 216"
H026,Ích mẫu,Herba Leonuri japonici,"Tân, khổ",Vi hàn,Âm,"Mộc, Hỏa",Thuốc hoạt huyết,"Can, Tâm bào","Hoạt huyết khứ ứ, lợi thủy tiêu phù. Chủ trị: Rối loạn kinh nguyệt, kinh đau, kinh bế, khí hư bạch đới, rong kinh, rong huyết, huyết hôi ra không hết, phù thũng, tiểu tiện không lợi.",Không dùng cho người huyết hư không có huyết ứ.,"https://duocdienvietnam.com/ich-mau/
category_vi:  Sách: ĐHY.Dược Học Cổ Truyền (NXB Y Học 2002) - Phạm Xuân Sinh,  trang 296"
H027,Kê huyết đằng,Caulis Spatholobi suberecti,"Khổ, cam",Ôn,Dương,"Mộc, Thủy",Thuốc hoạt huyết,"Can, Thận","Hoạt huyết thông lạc, bổ huyết. Chủ trị: Chứng huyết hư gây huyết ứ trệ, bế thống kinh, chấn thương tụ huyết, phong thấp đau lưng, đau xương khớp.",,"https://duocdienvietnam.com/ke-huyet-dang/
category_vi:  Sách: ĐHY.Dược Học Cổ Truyền (NXB Y Học 2002) - Phạm Xuân Sinh,  trang 299"
H028,Kê nội kim,Endothelium Corneum Gigeriae Galli,Cam,Bình,Trung tính (Thiên Dương),"Thổ, Hỏa, Thủy",Thuốc tiêu đạo (thuốc tiêu hóa),"Tỳ, Vị, Tiểu trường, Bàng quang","Kiện vị, tiêu thực, sáp tinh. Chủ trị: Thực tích không tiêu, bụng đầy trướng, nôn mửa, kiết lỵ, di tinh. Trẻ em cam tích, đái dầm.",Không bị tích trệ không nên dùng.,"https://duocdienvietnam.com/ke-noi-kim/
category_vi:  Sách: ĐHY.Dược Học Cổ Truyền (NXB Y Học 2002) - Phạm Xuân Sinh,  trang 358"
H029,Ké đầu ngựa (Quả),Fructus Xanthii strumarii,"Tân, khổ",Ôn,Dương,Kim,Thuốc khử phong thấp,Phế,"Trừ phong thấp, tiêu độc, tán phong thông khiếu. Chủ trị: Đau khớp, chân tay tê dại co rút; viêm mũi, viêm xoang; mụn nhọt, mẩn ngứa.",Đau đầu do huyết hư không nên dùng.,"https://duocdienvietnam.com/ke-dau-ngua-qua/
category_vi:  Sách: ĐHY.Dược Học Cổ Truyền (NXB Y Học 2002) - Phạm Xuân Sinh,  trang 323"
H030,Kim ngân hoa,Flos Lonicerae,Cam,Hàn,Âm,"Kim, Thổ, Hỏa",Thuốc thanh nhiệt giải độc,"Phế, Vị, Tâm","Thanh nhiệt, giải độc, tán phong nhiệt. Chủ trị: Ung nhọt, ban sởi, mày đay, lở ngứa, cảm mạo phong nhiệt, ôn bệnh phát nhiệt, nhiệt độc huyết lị.","Tỳ vị hư hàn ỉa chảy, hoặc vết thương, mụn nhọt có mủ loãng do khí hư; mụn nhọt đă có mủ, vỡ loét không nên dùng.","https://duocdienvietnam.com/kim-ngan-2/
category_vi:  Sách: ĐHY.Dược Học Cổ Truyền (NXB Y Học 2002) - Phạm Xuân Sinh,  trang 201"
H031,Kim tiền thảo,Herba Desmodii styracifolii,"Cam, hàm",Lương,Âm,"Mộc, Thủy",Thuốc lợi thấp,"Can, Đởm, Thận, Bàng quang","Thanh thấp nhiệt, lợi tiểu. Chủ trị: Nhiệt lâm, thạch lâm, phù thũng, hoàng đản.",,"https://duocdienvietnam.com/kim-tien-thao/
category_vi:  Sách: ĐHY.Dược Học Cổ Truyền (NXB Y Học 2002) - Phạm Xuân Sinh,  trang 338"
H032,Kinh giới,Herba Elsholtziae ciliatae,"Tân, vi khổ",Ôn,Dương,"Kim, Mộc",Thuốc giải biểu cay ấm,"Phế, Can","Giải biểu, khu phong, chỉ ngứa, tuyên độc thấu chẩn. Chủ trị: Cảm mạo, phong hàn, phong nhiệt, phong cấm khẩu, mụn nhọt, dị ứng, sởi mọc không tốt. Sao đen: Chỉ huyết. Chủ trị: Rong huyết, băng huyết, thổ huyết, đại tiện ra máu.","Biểu hư, tự ra mồ hôi nhiều, không có ngoại cảm, phong hàn không nên dùng.","https://duocdienvietnam.com/kinh-gioi/
category_vi:  Sách: ĐHY.Dược Học Cổ Truyền (NXB Y Học 2002) - Phạm Xuân Sinh,  trang 170"
H033,Lạc tiên,Herba Passiflorae foetidae,"Cam, vi khổ",Lương,Âm,"Hỏa, Mộc",Thuốc dưỡng tâm an thần,"Tâm, Can","An thần, giải nhiệt, mát gan. Chủ trị: Suy nhược thần kinh, tim hồi hộp, mất ngủ, ngủ mơ.",,"https://duocdienvietnam.com/lac-tien/
category_vi:  Sách: ĐHY.Dược Học Cổ Truyền (NXB Y Học 2002) - Phạm Xuân Sinh,  trang 268"
H034,Lô hội,"Aloe vera (L.), Aloe ferox Mm",Khổ,Hàn,Âm,"Mộc, Thổ, Kim",Thuốc tả hạ có tính hàn,"Can, Vị, Đại trường","Thanh can nhiệt, thông tiện. Chủ trị: Can có thực nhiệt, đại tiện bí, tiểu nhi cam tích kinh phong, can nhiệt, bế kinh, làm giảm độc ba đậu.","Tỳ vị suy yếu, đang ỉa lỏng hoặc phụ nữ có thai không dùng.","https://duocdienvietnam.com/lo-hoi-nhua/
category_vi:  Sách: ĐHY.Dược Học Cổ Truyền (NXB Y Học 2002) - Phạm Xuân Sinh,  trang 363"
H035,Lộc Nhung,Cornu Cervi Pantotrichum,"Cam, hàm",Ôn,Dương,"Mộc, Thủy",Thuốc bổ dương (thuốc trợ dương),"Can, Thận","Bổ thận dương, ích tinh huyết, mạnh gân cốt, trừ nhọt độc. Chủ trị: Liệt dương, hoạt tính, tử cung lạnh, khó thụ thai,  tinh thần mệt mỏi, sợ lạnh, chóng mặt, tai ù, tai điếc (cơ năng), trẻ chậm liền thóp, lưng gối đau lạnh, gân xương  mềm yếu, rong huyết, nhọt lâu ngày không liền miệng.",Thực nhiệt âm hư dương thịnh không nên dùng.,"https://duocdienvietnam.com/loc-nhung/
category_vi:  Sách: ĐHY.Dược Học Cổ Truyền (NXB Y Học 2002) - Phạm Xuân Sinh,  trang 353"
H036,Mạch nha,Fructus Hordei germinatus,Cam,Bình,Trung tính (Thiên Dương),Thổ,Thuốc tiêu đạo (thuốc tiêu hóa),"Tỳ, Vị","Kiện tỳ tiêu thực, tiêu sưng thông sữa. Chủ trị: Thực tích bụng đầy trướng, ăn kém. tiêu hóa kém, làm mất sữa hoặc vú sưng đau do sữa ứ lại, vú tức đau khi căng sữa.","Phụ nữ có thai, hoặc đang thời kỳ cho con bú không nên dùng.","https://duocdienvietnam.com/mach-nha/
category_vi:  Sách: ĐHY.Dược Học Cổ Truyền (NXB Y Học 2002) - Phạm Xuân Sinh,  trang 359"
H037,Màn kinh tử,Fructus Viticis trifoliae,"Tân, khổ",Vi hàn,Âm,"Mộc, Kim, Thổ, Thủy",Thuốc giải biểu cay ấm,"Can, Phế, Vị, Bàng quang","Sơ tán phong nhiệt, khu phong thắng thấp. Chủ trị: Cảm mạo, nhức đầu do phong nhiệt, sưng đau răng lợi, đau mắt kèm chảy nhiều nước mắt, hoa mắt, chóng mặt, phong thấp, cân mạch co rút.",Huyết hư không nên dùng.,"https://duocdienvietnam.com/man-kinh-tu/
category_vi:  Sách: ĐHY.Dược Học Cổ Truyền (NXB Y Học 2002) - Phạm Xuân Sinh,  trang 185"
H038,Mật ong,Mel,Cam,Bình,Trung tính (Thiên Dương),"Thổ, Kim",Thuốc tả hạ có tính nhiệt,"Tỳ, Phế, Đại trường","Bổ trung, nhuận táo, chỉ thống, giải độc. Chủ trị: Tỳ vị hư nhược, đau thượng vị, ho, táo bón, giải độc Ô đầu, điều hòa các vị thuốc.","Sôi bụng, ỉa chảy hay đầy bụng, không nên dùng.","https://duocdienvietnam.com/mat-ong/
category_vi:  Sách: ĐHY.Dược Học Cổ Truyền (NXB Y Học 2002) - Phạm Xuân Sinh,  trang 366"
H039,Miết giáp,Carapax Trionycis,Hàm,Hàn,Âm,"Mộc, Thủy",Thuốc bổ âm (dưỡng âm),"Can, Thận","Tư âm tiềm dương, nhuyễn kiên, thoái nhiệt, trừ trưng hà. Chủ trị: Dùng điều trị âm hư phát sốt, lao nhiệt nóng trong xương, hư phong nội động, phụ nữ kinh bế, trưng hà, sốt rét lâu ngày có báng, gan lách to.","Hư mà không nhiệt, vị yếu hay nôn mửa, tỳ hư có tiết tả, phụ nữ có thai không nên dùng.","https://duocdienvietnam.com/miet-giap/
category_vi:  Sách: ĐHY.Dược Học Cổ Truyền (NXB Y Học 2002) - Phạm Xuân Sinh,  trang 346"
H040,Ngải cứu,Herba Artemisiae vulgaris,"Khổ, tân",Ôn,Dương,"Mộc, Thổ, Thủy",Thuốc chỉ huyết,"Can, Tỳ, Thận","Chỉ huyết, trừ hàn thấp, điều kinh, an thai. Chủ trị: Kinh  nguyệt không đều, băng huyết, rong huyết, thổ huyết, khí hư bạch đới, động thai, viêm ruột, lỵ.","Âm hư huyết nhiệt, không nên dùng.","https://duocdienvietnam.com/ngai-cuu/
category_vi:  Sách: ĐHY.Dược Học Cổ Truyền (NXB Y Học 2002) - Phạm Xuân Sinh,  trang 308"
H041,Ngũ vị tử,Schisandra chinensis (Turcz.) K. Koch,"Toan, hàm",Ôn,Dương,"Kim, Thủy",Thuốc liễm hãn,"Phế, Thận","Liễm phế chỉ ho, sinh tân chỉ hàn, bổ thận cố tinh, chỉ tả, an thần. Chủ trị: Ho lâu ngày và hư suyễn, mộng tinh, di tinh, hoạt tinh, đái dầm, niệu tan, tiêu chảy kéo dài, tự hãn, đạo hãn, tân dịch hao tổn, háo khát, mạch hư, nội nhiệt,  tiêu khát, đánh trống ngực và mất ngủ.","Kiêng kỵ đang cảm sốt cao, lên sởi, sốt phát ban.","https://duocdienvietnam.com/ngu-vi-tu/
category_vi:  Sách: ĐHY.Dược Học Cổ Truyền (NXB Y Học 2002) - Phạm Xuân Sinh,  trang 373"
H042,Nhân trần,Herba Adenosmatis caerulei,"Khổ, tân",Vi hàn,Âm,Mộc,Thuốc thanh nhiệt táo thấp,"Can, Đởm","Thanh nhiệt lợi thấp, thoái hoàng. Chủ trị: Viêm gan vàng da, viêm túi mật, tiểu vàng, tiểu đục ít, phụ nữ sau sinh ăn chậm tiêu.","Chú ý: Nhân trần có tác dụng chống oxy hóa tốt. Ngoài cây nhân trần ra, còn dùng cây bồ bồ Adenosma apitatum Benth Họ Hoa mõm sói Scrophulariaceae để làm thuốc, chữa các bệnh nói trên, đặc biệt là bệnh viêm gan hoàng đản. Tuy nhiên tác dụng kém hơn","https://duocdienvietnam.com/nhan-tran/
category_v, safety_notei:  Sách: ĐHY.Dược Học Cổ Truyền (NXB Y Học 2002) - Phạm Xuân Sinh,  trang 225"
H043,Phù bình (Bèo cái),Pistia stratiotes L.,Tân,Hàn,Âm,"Kim, Thủy",Thuốc thanh biểu cay mát,"Phế, Thận","Phát hãn khu phong, hành thủy tiêu phù. Chủ trị: Ngoại cảm, mày đay (phong chẩn, ẩn chẩn), đơn độc, phù thũng.","Không phải thực nhiệt, thực tà, người ra mồ hôi nhiều, thể hư không nên dùng. Có thai, cấm dùng.","https://duocdienvietnam.com/dai-phu-binh/
category_vi:  Sách: ĐHY.Dược Học Cổ Truyền (NXB Y Học 2002) - Phạm Xuân Sinh,  trang 186"
H044,Rau sam,Herba Portulacae,Toan,Hàn,Âm,"Hỏa, Kim",Thuốc thanh nhiệt giải độc,"Tâm, Đại trường","Thanh nhiệt giải độc, chỉ lỵ. Chủ trị: Xích bạch lỵ, đinh nhọt, eczema, thâm quầng, rạn hay trùng thú cắn, tiểu tiện ra huyết, tụ huyết.","Chú ý: Rau sam có tác dụng kháng khuẩn rõ rệt, đối với trực khuẩn thương hàn, lỵ và trực khuẩn đại tràng. Dịch nước sắc có tác dụng hưng phấn tử cung cô lập của chuột lang, chuột cống và thỏ","https://duocdienvietnam.com/rau-sam/
category_vi, safety_notei:  Sách: ĐHY.Dược Học Cổ Truyền (NXB Y Học 2002) - Phạm Xuân Sinh,  trang 209"
H045,Râu ngô,Styli et stigmata Maydis,Cam,Bình,Trung tính (Thiên Dương),Thủy,Thuốc lợi thấp,"Thận, Bàng quang","Lợi tiểu, thông mật, hạ huyết áp, hạ đường huyết, cầm máu. Chủ trị: Tiểu tiện buốt, dắt; nước tiểu vàng đỏ, sỏi đường tiết niệu, viêm gan, viêm túi mật, sỏi mật, tăng huyết áp, tiểu đường, chảy máu cam.","Không dùng cho các trường hợp hư hàn, đái dầm.","https://duocdienvietnam.com/rau-ngo/
category_vi:  Sách: ĐHY.Dược Học Cổ Truyền (NXB Y Học 2002) - Phạm Xuân Sinh,  trang 336"
H046,Sài hồ (Rễ),Radix Bupleuri chinensis,"Khổ, tân",Vi hàn,Âm,Mộc,Thuốc thanh nhiệt giải độc,"Can, Đởm, Tâm bào, Tam tiêu","Hòa giải biểu lý, sơ can, thăng dương. Chủ trị: Hàn nhiệt vãng lai, ngực sườn đau trướng, miệng đắng, không muốn ăn, buồn nôn (như sốt rét); đau đầu, chóng mặt, dễ cáu gắt, rối loạn kinh nguyệt, sa dạ con, sa trực tràng.","Không dùng cho người can dương thượng thăng, âm hư hỏa vượng. Chú ý: Thân rễ cây Sài hồ lá dài {Bupleumm longiradiatum Turcz) bề ngoài phủ nhiều mấu tròn rất độc, không thể dùng làm vị thuốc Sài hồ được.","https://duocdienvietnam.com/sai-ho-re/
category_vi:  Sách: ĐHY.Dược Học Cổ Truyền (NXB Y Học 2002) - Phạm Xuân Sinh,  trang 187"
H047,Sử quân tử,Semen Quisqualis,Cam,Ôn,Dương,Thổ,Thuốc trừ giun sán,"Tỳ, Vị","Khử trùng tiêu tích, kiện tỳ, tiêu cam. Chủ trị: Giun đũa, giun kim, các chứng cam tích ờ trẻ em (bụng ỏng, da xanh, mắt mũi nhoèn gỉ).","Khi dùng cần phải loại bỏ lớp vỏ nhân, đồng thời không nên uống nước chè để tránh bị nấc.","https://duocdienvietnam.com/su-quan-tu/
category_vi:  Sách: ĐHY.Dược Học Cổ Truyền (NXB Y Học 2002) - Phạm Xuân Sinh,  trang 382"
H048,Thảo quyết minh (Hạt),Semen Sennae torae,Hàm,Bình,Trung tính (Thiên Âm),"Thủy, Mộc, Kim",Thuốc thanh nhiệt táo thấp,"Thận, Can, Đại trường","Tả can minh mục, an thần, nhuận tràng. Chủ trị: Đau mắt đỏ, sợ ánh sáng, mắt mờ, chảy nước mắt (sao vàng), đại tiện bí kết (dùng sống), mất ngủ (sao đen).",Người hay bị phân lỏng không dùng.,"https://duocdienvietnam.com/thao-quyet-minh-hat/
category_vi:  Sách: ĐHY.Dược Học Cổ Truyền (NXB Y Học 2002) - Phạm Xuân Sinh,  trang 227"
H049,Thị đế,Calyx Kaki,"Khổ, sáp",Bình,Trung tính (Thiên Âm),Thổ,Thuốc phá khí giáng nghịch,Vị,"Giáng nghịch, hạ khí. Chủ trị Nấc (ách nghịch).",,"https://duocdienvietnam.com/thi-de/
category_vi:  Sách: ĐHY.Dược Học Cổ Truyền (NXB Y Học 2002) - Phạm Xuân Sinh,  trang 281"
H050,Thương lục (Rễ củ),Radix Phytolaccae,Khổ,Hàn (Có độc),Âm,Thủy,Thuốc trục thủy,Thận,"Công năng: Thuốc xổ và trục thủy, giải độc tiêu viêm. Chủ trị: Phù toàn thân, vô niệu, táo bón. Dùng ngoài chữa mụn nhọt, đau nhức.","Không dùng cho phụ nữ có thai, người thủy thũng do tỳ hư.","https://duocdienvietnam.com/thuong-luc-re-cu/
category_vi:  Sách: ĐHY.Dược Học Cổ Truyền (NXB Y Học 2002) - Phạm Xuân Sinh,  trang 372"
H051,Tô mộc,Lignum Sappan,"Cam, hàm",Bình,Trung tính,"Hỏa, Mộc, Thổ",Thuốc phá huyết,"Tâm, Can, Tỳ","Công năng: Hành huyết khử ứ, tiêu viêm chỉ thông. Chủ trị: Thống kinh, bế kinh, sàn hậu huyết ứ, đau nhói ngực bụng, sưng đau do sang chấn, nhiệt lỵ.","Phụ nữ có thai, huyết hư không ứ trệ thì không nên dùng","https://duocdienvietnam.com/to-moc/
category_vi:  Sách: ĐHY.Dược Học Cổ Truyền (NXB Y Học 2002) - Phạm Xuân Sinh,  trang 302"
H052,Trạch tả (Thân rễ),Rhizoma Alismatis,"Cam, hàm",Hàn,Âm,Thủy,Thuốc lợi thấp,"Thận, Bàng quang","Công năng: Lợi tiểu tiện, thanh thấp nhiệt. Chủ trị: Nhiệt lâm tiểu tiện ít, bí, buốt, rắt; phù thũng, đầy trướng, tiêu chảy, đàm ẩm.","Thận hỏa hư, tiểu tiện không cầm, tỳ hư không nên dùng.","https://duocdienvietnam.com/trach-ta-than-re/
category_vi:  Sách: ĐHY.Dược Học Cổ Truyền (NXB Y Học 2002) - Phạm Xuân Sinh,  trang 334"
H053,Đạm trúc diệp,Herba Lophatheri,"Cam, đạm",Hàn,Âm,"Hỏa, Kim",Thuốc thanh nhiệt táo thấp,"Tâm, Phế, Tiểu trường","Thanh nhiệt, trừ phiền, lợi tiểu. Chủ trị: Nhiệt bệnh, khát nước, tâm nóng bứt rứt, lở miệng, lưỡi, tiểu tiện đỏ, rít, đái rắt.",Phụ nữ có thai không nên dùng,"https://duocdienvietnam.com/dam-truc-diep/
category_vi:  Sách: ĐHY.Dược Học Cổ Truyền (NXB Y Học 2002) - Phạm Xuân Sinh,  trang 226"
H054,Tục đoạn (Rễ),Radix Dipsaci,"Khổ, tân, cam",Ôn,Dương,"Mộc, Thủy",Thuốc bổ dương (thuốc trợ dương),"Can, Thận","Công năng: Bổ can thận, cường cân cốt, liền xương, an thai. Chủ trị: Thắt lưng và đầu gối đau yếu, di tinh, động thai, rong kinh, băng huyết, đới hạ, sang chấn, gãy xương, đứt gân. Tửu Tục đoạn thường dùng cho người phong thấp, sang chấn. Diêm Tục đoạn thường dùng cho người đau yếu thắt lưng và đầu gối.",Không dùng cho người âm hư hỏa vượng.,"https://duocdienvietnam.com/tuc-doan-re/
category_vi:  Sách: ĐHY.Dược Học Cổ Truyền (NXB Y Học 2002) - Phạm Xuân Sinh,  trang 351"
H055,Tỳ bà diệp,Folium Eriobriotryae,Khổ,Vi hàn,Âm,"Kim, Thổ",Thuốc thanh phế chỉ khái,"Phế, Vị","Công năng: Thanh phế nhiệt và vị nhiệt, chỉ khái, chi ẩu. Chủ trị: Ho và suyễn do phế nhiệt, sốt và khát do vị nhiệt.","Nôn do hư hàn, ho do phong hàn không nên dùng.","https://duocdienvietnam.com/ty-ba-diep/
category_vi:  Sách: ĐHY.Dược Học Cổ Truyền (NXB Y Học 2002) - Phạm Xuân Sinh,  trang 247"
H056,Tỳ giải (Thân rễ),Rhizoma Dioscoreae,Khổ,Bình,Trung tính (Thiên Âm),"Mộc, Thủy, Thổ",Thuốc lợi thấp,"Can, Thận, Vị, Bàng quang","Công năng: Phân thanh trừ trọc, khu phong trừ thấp. Chủ trị: Cao lâm (đái đục), bạch đới quá nhiều; sang độc do thấp nhiệt, đau lưng đầu gối.","Không dùng cho người âm hư hỏa vượng, đau lưng do thận hư.","https://duocdienvietnam.com/ty-giai-than-re/
category_vi:  Sách: ĐHY.Dược Học Cổ Truyền (NXB Y Học 2002) - Phạm Xuân Sinh,  trang 337"
H057,Uy linh tiên (Rễ và Thân rễ),Radix et rhizoma Clematidis,"Tân, hàm",Ôn,Dương,Thủy,Thuốc khử phong thấp,Bàng quang,"Công năng: Khu phong, trừ thấp, thông kinh lạc, chỉ thống. Chủ trị: Phong tê thấp các khớp chi, gân mạch co rút khó cử động, dân gian dùng chữa họng hóc xương cá.","Huyết hư gây gân co rút, không phong thấp thực tà thì không dùng.","https://duocdienvietnam.com/uy-linh-tien-re-va-than-re-2/
category_vi:  Sách: ĐHY.Dược Học Cổ Truyền (NXB Y Học 2002) - Phạm Xuân Sinh,  trang 324"
H058,Xích thược (Rễ),Radix Paeaniae,"Toan, khổ",Vi hàn,Âm,"Mộc, Thổ",Thuốc thanh nhiệt lương huyết,"Can, Tỳ","Công năng: Lương huyết, tán ứ, giảm đau. Chủ trị: Ôn độc phát ban, ỉa máu, chảy máu cam, mắt đỏ sưng đau, can uất, sườn đau, kinh bế, hành kinh đau bụng, hòn cục trong bụng, sưng đau do sang chấn, nhọt độc sưng đau.",Không dùng phối hợp với Lê lô.,"https://duocdienvietnam.com/xich-thuoc-re/
category_vi:  Sách: ĐHY.Dược Học Cổ Truyền (NXB Y Học 2002) - Phạm Xuân Sinh,  trang 233"
H059,Vông nem (Lá),Folium Erythrinae variegatae,Khổ,Bình,Trung tính (Thiên Âm),"Hỏa, Thổ",Thuốc dưỡng tâm an thần,"Tâm, Tỳ","Công năng: An thần, sát trùng. Chủ trị: Mất ngủ (uống), mụn nhọt, loét, trĩ, lậu (đắp ngoài)","Chú ý: Alcaloid erythrine, có trong lá và thân, làm giảm hoạt động của thần kinh trung ương, chất migarin làm giãn đồng tử. Lá vông còn có tác dụng ức chế thần kinh trung ương, hạ nhiệt độ, hạ huyết áp. Phạm Thanh Kỳ và cộng sự thấy alcaloid từ vông nem có tác dụng hạ áp","https://duocdienvietnam.com/vong-nem-la/
category_vi, safety_notei:  Sách: ĐHY.Dược Học Cổ Truyền (NXB Y Học 2002) - Phạm Xuân Sinh,  trang 266"
H060,Vừng đen (Hạt),Semen Sesami Nigrum,Cam,Bình,Trung tính (Thiên Dương),"Thổ, Mộc, Thủy",Thuốc nhuận hạ,"Tỳ, Can, Thận","Công năng: Bổ can thận, đường huyết, chỉ huyết, nhuận tràng thông tiện, lợi sữa. Chủ trị: Thiếu máu do huyết hư, tóc bạc sớm, xuất huyết do giảm tiểu cầu, táo bón, sau đẻ ít sữa.","Tỳ vị hư hàn, ỉa chảy không dùng.","https://duocdienvietnam.com/vung-den-hat/
category_vi:  Sách: ĐHY.Dược Học Cổ Truyền (NXB Y Học 2002) - Phạm Xuân Sinh,  trang 367"
H061,Xuyên khung (Thân rễ),Rhizoma Ligustici wallichii,Tân,Ôn,Dương,Mộc,Thuốc hoạt huyết,"Can, Đởm, Tâm bào","Hành khí hoạt huyết, trừ phong, giảm đau. Chủ trị: Điều kinh, nhức đầu, hoa mắt, cảm mạo phong hàn, phong thấp nhức mòi, ngực bụng đau tức, nhọt độc sưng đau.",Người âm hư hỏa vượng không nên dùng.,"https://duocdienvietnam.com/xuyen-khung-than-re/
category_vi:  Sách: ĐHY.Dược Học Cổ Truyền (NXB Y Học 2002) - Phạm Xuân Sinh,  trang 295"
H062,Bạch thược (Rễ),Radix Paeoniae lactiflorae,"Khổ, toan",Vi hàn,Âm,"Hỏa, Mộc, Kim",Thuốc bổ huyết,"Can, Tỳ, Phế","Bổ huyết, dưỡng ẩm, thư cân, bình can, chỉ thống. Chủ trị: Huyết hư, da xanh xao, đau sườn ngực, mồ hôi trộm, kinh nguyệt không đều, âm hư phát sốt, chóng mặt đau đầu, chân tay co rút, đau bụng do can khắc tỳ.",Đầy bụng không nên dùng. Không dùng cùng Lê lô,"https://duocdienvietnam.com/bach-thuoc-re-1/
category_vi:  Sách: ĐHY.Dược Học Cổ Truyền (NXB Y Học 2002) - Phạm Xuân Sinh,  trang 318"
H063,Liên kiều (Quả),Fructus Forsythiae suspensae,Khổ,Vi hàn,Âm,"Mộc, Hỏa, Kim",Thuốc thanh nhiệt giải độc,"Tâm, Đởm, Tam tiêu, Đại trường","Thanh nhiệt giải độc, tiêu sưng tán kết. Chủ trị: Đinh nhọt,  tràng nhạc, đờm hạch, nhũ ung, đan độc (viêm quầng đỏ); cảm mạo phong nhiệt, ôn bệnh vào tâm bào sốt cao gây háo khát, tinh thần hôn ám (mê sáng), phát ban; lâm lậu kèm bí tiểu tiện.","Không dùng cho người tỳ vị hư hàn, âm hư nội nhiệt, nhọt đã vỡ.","https://duocdienvietnam.com/lien-kieu-qua/
category_vi:  Sách: ĐHY.Dược Học Cổ Truyền (NXB Y Học 2002) - Phạm Xuân Sinh,  trang 206"
H064,Thăng ma (Thân rễ),Rhizoma Cimicifugae,"Tân, vi cam",Vi hàn,Âm,"Thổ, Kim, Hỏa",Thuốc thanh biểu cay mát,"Phế, Tỳ, Vị, Đại trường","Thấu chẩn, tán phong, giải độc, thăng dương khí. Chủ trị: Phong nhiệt ở dương minh có nhức đầu, đau răng, họng sưng đau; sởi không mọc, dương độc phát ban; sa trực tràng, sa dạ con.","Âm hư hỏa vượng, trên thực dưới hư không nên dùng. Thăng ma có tính mát, nếu tỳ vị hư yếu, nên dùng chung với các vị có tính ấm để dưỡng tỳ vị","Sách: ĐHY.Dược Học Cổ Truyền (NXB Y Học 2002) - Phạm Xuân Sinh,  trang 188"
H065,Nhân sâm (Thân rễ và Rễ),Rhizoma et Radix Ginseng,"Cam, khổ",Bình,Trung tính,"Hỏa, Kim, Thủy, Thổ",Thuốc bổ khí,"Tỳ, Phế, Tâm","Đại bổ nguyên khí, ích huyết, kiện tỳ ích phế, sinh tân, an thần ích trí. Chủ trị: Khí hư muốn thoát, chân tay lạnh, mạch vi, tỳ hư, kém ăn, phế hư ho suyễn; tân dịch thương tổn, miệng khát nước, nội nhiệt tiêu khát, đái tháo, bệnh lâu ngày gầy yếu, tâm hồi hộp, suy tim kiệt sức, hay choáng ngất.","Không được dùng phối hợp với Lê lô, Ngũ linh chi.","https://duocdienvietnam.com/nhan-sam/
category_vi:  Sách: ĐHY.Dược Học Cổ Truyền (NXB Y Học 2002) - Phạm Xuân Sinh,  trang 283"
H066,Thỏ ty tử,Semen Cuscutae,"Tân, cam",Vi ôn,Dương,"Mộc, Thủy, Thổ",Thuốc bổ dương (thuốc trợ dương),"Can, Thận, Tỳ","Công năng: Làm ấm thận tráng dương, bổ can sáng mắt, lợi niệu.
Chủ trị: Trường hợp thận hư yếu dẫn đến liệt dương, di tinh, đau lưng, đi giải nhiều lần, tả lỵ lâu ngày không khỏi. Chức năng thận, can kém, sức lực yếu kiệt, chóng mặt, mắt hoa, tai ù, gối mỏi, chữa đái ra máu, đái buốt. Nếu là trường hợp đẻ non với tính chất thường xuyên, nên dùng thỏ ty tử phối hợp với tục đoạn, tang ký sinh, bạch truật, đỗ trọng. Giây tơ hồng: dùng nước sắc rửa ngoài có thể chữa được bệnh mụn nhọt, sưng lở ở trẻ em","Những người thận dương cường, đại tiện bí táo không nên dùng","Sách: ĐHY.Dược Học Cổ Truyền (NXB Y Học 2002) - Phạm Xuân Sinh,  trang 354"
H067,Bạc hà,Herba Menthae,Tân,Lương,Âm,"Kim, Thủy",Thuốc giải biểu cay mát,"Phế, Can","Sơ phong thanh nhiệt, thấu chẩn, sơ can giải uất. Chủ trị: Cảm mạo phong nhiệt, đau đầu, đau mắt đỏ; thúc đẩy sởi, đậu mọc; can uất ngực sườn căng tức.","Người khí hư huyết táo, mồ hôi nhiều, trẻ em dưới 1 tuổi không nên dùng.","https://duocdienvietnam.com/bac-ha-herba-menthae/
category_vi:  Sách: ĐHY.Dược Học Cổ Truyền (NXB Y Học 2002) - Phạm Xuân Sinh,  trang 179"
H068,Ma hoàng,Herba Ephedrae,"Tân, vi khổ",Ôn,Dương,"Hỏa, Thổ, Mộc, Kim",Thuốc giải biểu cay ấm,"Phế, Bàng quang","Phát hãn giải biểu hàn, chỉ ho. bình suyễn, lợi thủy. Chủ  trị: Cảm mạo phong hàn, dương thủy; ngực tức, ho suyễn, hen phế quản, phù thũng.","Dương hư tự ra mồ hôi, không nên dùng.","https://duocdienvietnam.com/ma-hoang/
category_vi: Sách: ĐHY.Dược Học Cổ Truyền (NXB Y Học 2002) - Phạm Xuân Sinh,  trang 167"
H069,Hoàng liên (Thân rễ),Rhizoma Coptidis,Khổ,Hàn,Âm,Thổ,Thuốc thanh nhiệt táo thấp,"Tâm, Tỳ, Vị, Can, Đởm, Đại trường","Thanh nhiệt táo thấp, thanh tâm, trừ phiền, thanh can sáng mắt, tả hỏa, giải độc. Chủ trị: Đau bụng, viêm ruột, ỉa lỵ, bồn chồn mất ngủ, đau mắt đỏ.","Âm hư phiền nhiệt, tỳ- hư tiết tả không nên dùng.","https://duocdienvietnam.com/hoang-lien-than-re/
category_vi:  Sách: ĐHY.Dược Học Cổ Truyền (NXB Y Học 2002) - Phạm Xuân Sinh,  trang 220"
H070,Tri mẫu (Thân rễ),Rhizoma Anemarrhenae,"Khổ, cam",Hàn,Âm,"Thủy, Mộc, Thổ",Thuốc thanh nhiệt giáng hỏa,"Phế, Vị, Thận","Công năng: Thanh nhiệt, tả hỏa, trừ phiền chỉ khát, nhuận táo. Chủ trị: Nhiệt bệnh có sốt cao khát nước, phế thận âm hư có cốt chưng, trào nhiệt; nội nhiệt tiêu khát, ruột ráo táo bón.",Người hư hàn không nên dùng.,"https://duocdienvietnam.com/tri-mau-than-re/
category_vi:  Sách: ĐHY.Dược Học Cổ Truyền (NXB Y Học 2002) - Phạm Xuân Sinh,  trang 217"
H071,Viễn chí (Rễ),Radix Polygalae,"Khổ, tân",Ôn,Dương,"Hỏa, Thủy, Kim",Thuốc dưỡng tâm an thần,"Tâm, Thận, Phế","Công năng: An thần ích trí, trừ đờm chỉ khái. Chủ trị: Mất ngủ, hay mê, hay quên, hồi hộp, đánh trống ngực, tinh thần hoảng hốt. Ho đờm nhiều. Mụn nhọt, vú sưng đau.","Người viêm loét dạ dày, phụ nữ có thai, người trầm cảm không nên dùng.","https://duocdienvietnam.com/vien-chi-re/
category_vi:  Sách: ĐHY.Dược Học Cổ Truyền (NXB Y Học 2002) - Phạm Xuân Sinh,  trang 267"
H072,Đại táo (Quả),Fructus Ziziphi jujubae,Cam,Ôn,Dương,Thổ,Thuốc bổ khí,"Tỳ, Vị","Bổ trung, ích khí, dưỡng huyết, an thần. Chủ trị: Tỳ hư kém ăn, kém sức, phân lỏng, hysteria.",Không nên dùng cho người bụng đau trướng đầy,"https://duocdienvietnam.com/dai-tao-qua/
category_vi, safety_notei:  Sách: ĐHY.Dược Học Cổ Truyền (NXB Y Học 2002) - Phạm Xuân Sinh,  trang 289"
H073,Hạnh nhân (Khổ Hạnh Nhân),Semen Armeniacae amarum,"Khổ, tân",Ôn (Ít độc),Âm,Kim,Thuốc ôn phế chỉ khái,"Phế, Đại trường","Chỉ khái bình suyễn, nhuận tràng thông tiện. Chủ trị: Ho suyễn do ngoại tà hoặc đờm ẩm, táo bón do huyết hư và thiếu tân dịch.","Hư nhược mà ho không phải do tà khí thì không dùng, không dùng quá liều, kéo dài để tránh methemoglobin.","https://duocdienvietnam.com/kho-hanh-nhan/
category_vi:  Sách: ĐHY.Dược Học Cổ Truyền (NXB Y Học 2002) - Phạm Xuân Sinh,  trang 246"
H074,Bách hợp (Thân hành),Bulbus Lilii,Cam,Hàn,Âm,"Kim, Hỏa",Thuốc bổ âm (dưỡng âm),"Phế, Tâm","Dưỡng âm, nhuận phế, thanh tâm, an thân. Chủ trị: Âm hư, ho lâu ngày, trong đờm lẫn máu, hư phiền, kinh hãi, tim đập mạnh, mất ngủ, hay ngủ mê, tinh thần hoảng sợ.","Trúng hàn (cảm lạnh), hàn thấp ứ trệ, tỳ, thận dương suy không nên dùng.","https://duocdienvietnam.com/bach-hop-than-hanh/
category_vi:  Sách: ĐHY.Dược Học Cổ Truyền (NXB Y Học 2002) - Phạm Xuân Sinh,  trang 344"
H075,Bạch cập (Thân rễ),Rhizoma Bletillae striatae,"Khổ, cam, sáp",Vi hàn,Âm,"Kim, Thổ",Thuốc phá huyết,"Phế, Vị","Thu liễm chỉ huyết, sinh cơ tiêu sưng. Chủ trị: Lao phổi ho ra máu, nôn ra máu, chấn thương chảy máu, da nứt nẻ, nhọt độc viêm tấy.","Không kết hợp với các loại thuốc Ô đầu (Ô đầu, Phụ tử, Thiên hùng).","https://duocdienvietnam.com/bach-cap-than-re/
category_vi:  Sách: ĐHY.Dược Học Cổ Truyền (NXB Y Học 2002) - Phạm Xuân Sinh,  trang 305"
H076,Dâm dương hoắc,Herba Epimedii,Tân,Ôn,Dương,"Thủy, Mộc",Thuốc bổ dương (thuốc trợ dương),"Thận, Can","Bổ thận dương, cường cân cốt. trừ phong thấp. Chủ trị: Liệt dương, hoạt tinh, yếu chân tay, phong thấp đau tê bại, co rút cơ.","Cương dương, mộng tinh, sung huyết não, mất ngủ không nên dùng.","https://duocdienvietnam.com/dam-duong-hoac-herba-epimedii-duoc-dien-viet-nam-5/
category_vi:  Sách: ĐHY.Dược Học Cổ Truyền (NXB Y Học 2002) - Phạm Xuân Sinh,  trang 356"
H077,Đinh hương (Nụ hoa),Flos Syzygii aromatici,Tân,Ôn,Dương,"Kim, Thổ, Thủy",Thuốc ôn trung,"Phế, Tỳ, Vị, Thận","Ôn trung, giáng nghịch, bổ thận trợ dương. Chủ trị: Tỳ vị hư hàn, nấc, bụng đau lạnh, ỉa chảy, nôn mửa, thận hư liệt dương.","Không hư hàn không dùng, kỵ uất kim.","https://duocdienvietnam.com/dinh-huong-nu-hoa/
category_vi:  Sách: ĐHY.Dược Học Cổ Truyền (NXB Y Học 2002) - Phạm Xuân Sinh,  trang 192"
H078,Long nha thảo,Herba Agrimoniae,"Khổ, sáp",Lương,Âm,"Hỏa, Kim, Mộc, Thủy",Thuốc chỉ huyết,"Tâm, Phế, Can, Thận","Liễm huyết, chỉ huyết, thanh tràng chỉ tả, ích khí bổ trung. Chủ trị: Ho ra máu, nôn ra máu, đại tiện ra máu, chảy máu cam, băng huyết. Ngoài ra còn dùng chữa viêm ruột, lỵ, sốt rét, tràng nhạc, ung thũng, chữa bệnh gan, mật, viêm miệng.","Chú ý: Dịch chiết có tác dụng làm tăng canxi trong máu, tăng lượng tiểu cầu. Tác dụng co mạch máu, làm thời gian đông máu rút ngắn lại. Long nha thảo có tác dụng ức chế tụ cầu vàng, trực khuẩn lỵ, mủ xanh","https://duocdienvietnam.com/long-nha-thao/
category_vi, safety_notei:  Sách: ĐHY.Dược Học Cổ Truyền (NXB Y Học 2002) - Phạm Xuân Sinh,  trang 303"
H079,Phòng kỷ (Rễ),Radix Stephaniae tetrandrae,Khổ,Hàn,Âm,"Thủy, Thổ",Thuốc khử phong thấp,"Thận, Tỳ, Bàng quang","Lợi thủy tiêu thũng, khu phong chỉ thống. Chủ trị: Thủy thũng, thấp cước khí, tiểu tiện không thông lợi, thấp chân, nhọt độc, phong thấp tê đau.",Suy nhược hàn tính không nên dùng.,"https://duocdienvietnam.com/phong-ky/
category_vi:  Sách: ĐHY.Dược Học Cổ Truyền (NXB Y Học 2002) - Phạm Xuân Sinh,  trang 321"
H080,Thanh cao,Herba Artemisiae apiaceae,"Khổ, vi tân",Vi hàn,Âm,Mộc,Thuốc thanh nhiệt giáng hỏa,"Can, Đởm","Thanh nhiệt giải thử, lương huyết thoái hư nhiệt. Chủ trị: Bệnh lao nhiệt, một số chứng sốt do phế lao, sốt rét, chứng hàn nhiệt vãng lai, ra mồ hôi trộm. Trúng thử.","Người khí hư, ỉa lỏng không nên dùng.","https://duocdienvietnam.com/thanh-cao/
category_vi:  Sách: ĐHY.Dược Học Cổ Truyền (NXB Y Học 2002) - Phạm Xuân Sinh,  trang 213"
H081,Thiên trúc hoàng,Concretio Silicae Bambusae,Cam,Hàn,Âm,Hỏa,Thuốc hóa đàm nhiệt,Tâm,"Công năng: Trừ đàm nhiệt, thanh tâm, trấn kinh. Chủ trị: Tinh thần hôn ám, trúng phong đàm mê tâm khiếu. Trẻ em kinh giật và dạ đề do đàm nhiệt.",Những người không có đàm nhiệt không nên dùng,"https://duocdienvietnam.com/thien-truc-hoang/
category_vi, safety_notei:  Sách: ĐHY.Dược Học Cổ Truyền (NXB Y Học 2002) - Phạm Xuân Sinh,  trang 240"
H082,Thuyền thoái,Periostracum Cicadae,Cam,Hàn,Âm,"Kim, Mộc",Thuốc giải biểu cay mát,"Phế, Can","Công năng: Tán phong nhiệt, giải kinh, thấu chẩn, tiêu màng. Chủ trị; Cảm mạo phong nhiệt, đau họng, tiếng khàn; sởi không mọc, phong chân ngứa, mắt đỏ có màng, kinh phong.","Chứng hư không do phong nhiệt, phụ nữ có thai không nên dùng.","https://duocdienvietnam.com/thuyen-thoai/
category_vi:  Sách: ĐHY.Dược Học Cổ Truyền (NXB Y Học 2002) - Phạm Xuân Sinh,  trang 180"
H083,Tiền hồ (Rễ),Radix Peucedani,"Khổ, tân",Vi hàn,Âm,"Kim, Thổ",Thuốc thanh phế chỉ khái,"Phế, Tỳ","Công năng: Tán phong thanh nhiệt, giáng khí, hóa đàm. Chủ trị: Ho và suyễn do phế thực nhiệt có nhiều đàm màu hơi vàng và dính, ho do ngoại cảm phong nhiệt.","Không dùng cho thể âm hư dẫn đến ho khan, hoặc ho đàm hàn, loãng","https://duocdienvietnam.com/tien-ho-re/
category_vi, safety_notei:  Sách: ĐHY.Dược Học Cổ Truyền (NXB Y Học 2002) - Phạm Xuân Sinh,  trang 250"
H084,Quế chi,Ramulus Cinnanomi,"Tân, cam",Ôn,Dương,"Kim, Hỏa, Thủy",Thuốc giải biểu cay ấm,"Phế, Tâm, Bàng quang","Công dụng: Giải biểu tán hàn. Thông dương khí. Làm ấm kinh thông mạch. Hành huyết giảm đau. Làm ấm thận hành thủy. Kích thích tuyến mồ hôi, giãn mạch, cường tim, kích thích tiêu hóa.
Chủ trị: Cảm mạo phong hàn, sốt cao, rét run, không mồ hôi. Dương khí ứ trệ gây phù nề, đờm ẩm, khí huyết lưu thông kém. Đau nhức xương khớp do phong hàn thấp trệ. Bế kinh, ứ huyết, đau bụng do lạnh, thai chết lưu. Tiểu tiện bí tức, hen suyễn do thận dương suy yếu.","Những người có chứng thấp nhiệt, âm hư hỏa vượng, đau bụng, các chứng xuất huyết, phụ nữ có thai không được dùng","Sách: ĐHY.Dược Học Cổ Truyền (NXB Y Học 2002) - Phạm Xuân Sinh,  trang 166"
H085,Sinh khương (Gừng tươi),Rhizoma Zingiberis,Tân,Ôn,Dương,"Kim, Thổ",Thuốc giải biểu cay ấm,"Phế, Vị, Tỳ","Công dụng: Phát tán phong hàn. Làm ấm vị (ấm dạ dày), chỉ ẩu (hết nôn lợm). Hóa đờm chỉ ho (hết đờm, ngừng ho). Lợi niệu tiêu phù thũng. Giải độc khử trùng: dùng khi giun đũa chui ống mật, tắc ruột do giun đũa hoặc giải độc khi ăn cua, cá bị dị ứng. Tác dụng dược lý: Gây co mạnh, hưng phấn thần kinh trung ương và giao cảm, tăng tuần hoàn, tăng huyết áp, ức chế trung tâm nôn, kháng khuẩn. 
Chủ trị: Cảm mạo do phong hàn gây ra. Bụng đầy trướng, đau bụng không tiêu, nôn mửa do lạnh. Phụ nữ sau đẻ bị cảm lạnh, khí huyết ngưng trệ, chân tay lạnh. Ho do viêm khí quản. Phù mới mắc (dùng vỏ gừng). Rửa vết thương, trị mẩn ngứa.",Những người bị ho do phế nhiệt và nôn do vị nhiệt thì không nên dùng. Trẻ dưới 1 tuổi bị ho khi dùng nước gừng tắm cần tránh gió và lau khô sau tắm.,"Sách: ĐHY.Dược Học Cổ Truyền (NXB Y Học 2002) - Phạm Xuân Sinh,  trang 168-169"
H086,Khương hoạt,Rhizoma et Radix Notopterygii,"Tân, khổ",Ôn,Dương,"Mộc, Thủy",Thuốc giải biểu cay ấm,"Can, Thận, Bàng quang","Công dụng: Tán hàn giải biểu, trừ thấp chỉ thống (giảm đau). Có tính ôn táo, dùng tốt cho các chứng thấp đau nhức xương cốt từ lưng trở lên.
Chủ trị: Trị cảm mạo phong hàn, sốt không có mồ hôi, đau đầu, toàn thân đau mỏi. Trị bệnh phong thấp dẫn đến đau lưng, đau xương cốt cấp tính, viêm khớp thể phong thấp.","Những người huyết hư, không phải do nguyên nhân phong hàn thì không dùng. Thuốc mang tính ôn táo, dễ làm hao tổn tân dịch.","Sách: ĐHY.Dược Học Cổ Truyền (NXB Y Học 2002) - Phạm Xuân Sinh,  trang 172-173"
H087,Hành (Thông bạch),Herba Allii fistulosi.,Tân,Ôn,Dương,"Kim, Thổ",Thuốc giải biểu cay ấm,"Phế, Vị","Công dụng: Làm ra mồ hôi, hoạt huyết thông dương khí, kiện vị giảm đau và lợi tiểu tiện. Dược liệu còn có tác dụng sát khuẩn, diệt ký sinh trùng, cố thận, xúc tiến sự phân tiết dịch men tiêu hóa và ức chế các loại vi khuẩn như trực khuẩn lỵ, nấm ngoài da.
Chủ trị: Trị cảm mạo phong hàn mới mắc, sốt không ra mồ hôi và các trường hợp huyết ứ trệ gây cấm khẩu. Trị bụng đầy trướng đau, đại tiện lỏng, tiểu tiện bí tắc, di tinh, mụn nhọt viêm da có mủ, giun chui ống mật và giải độc khi bị dị vật đâm vào da.","Những người biểu hư, mồ hôi nhiều không nên dùng. Không uống lẫn hành với mật ong (tương kỵ)","Sách: ĐHY.Dược Học Cổ Truyền (NXB Y Học 2002) - Phạm Xuân Sinh,  trang 173-174"
H088,Hương nhu,Herba Ocimi sancti,Tân,Ôn,Dương,"Kim, Thổ",Thuốc giải biểu cay ấm,"Phế, Vị","Công dụng: Giải cảm (cả cảm hàn và cảm nhiệt), hoá thấp kiện vị. Giúp lợi niệu, tiêu phù thũng, sát khuẩn và có tác dụng làm lên tóc. Tinh dầu hương nhu có tác dụng làm giãn mạch máu ở thận, tăng áp lực lọc để lợi niệu và kháng khuẩn, diệt lỵ amíp.","Những người biểu hư, mồ hôi nhiều không nên dùng.","Sách: ĐHY.Dược Học Cổ Truyền (NXB Y Học 2002) - Phạm Xuân Sinh,  trang 174-175"
H089,Cam thảo,Radix Glycyrrhizae,Cam,Bình,Trung tính (Thiên Dương),"Mộc, Thổ",Thuốc bổ khí,"Can, Tỳ và thông hành 12 kinh","Công năng: Ích khí dưỡng huyết, nhuận phế chỉ ho, tả hỏa giải độc, hoãn cấp chỉ thống.
Chủ trị: Khí huyết hư nhược, mệt mỏi, thiếu máu, đau họng, viêm họng cấp và mạn, viêm amidan, ho nhiều đàm, mụn nhọt, đinh độc, sưng đau, đau dạ dày, đau bụng, gân mạch co rút, hỗ trợ điều trị gãy xương, tổn thương phần mềm.","Nếu tỳ vị có thấp trệ, sôi bụng, đầy bụng không dùng. Cam thảo dùng lâu dễ bị phù nề","Sách: ĐHY.Dược Học Cổ Truyền (NXB Y Học 2002) - Phạm Xuân Sinh,  trang 288"
H090,Tô diệp (Tía tô),Folium Perillae,Tân,Ôn,Dương,"Thổ, Kim",Thuốc giải biểu cay ấm,"Tỳ, Phế","Công năng: Giải biểu tán hàn, phát hãn, hành khí hòa trung, kiện vị chỉ nôn, khử đờm chỉ khái, an thai, giải độc, cường thân.
Chủ trị: Cảm hàn phong hàn gây sốt, đau đầu, nhức mỏi, đau răng, tỳ vị khí trệ gây đầy trướng, ăn uống không tiêu, buồn nôn, nôn, ho có đờm nhiều, viêm phế quản mạn, phụ nữ có thai nôn nghén, viêm khí quản, viêm phế quản, di tinh, mộng tinh, ngộ độc hải sản, ngộ độc thức ăn, dùng ngoài sát khuẩn, giải độc mụn nhọt, làm sạch môi trường.","Những người biểu hư, mồ hôi nhiều, mồ hôi trộm không nên dùng. Chất dầu của quả tía tô có tác dụng gây đại tiện lỏng, do vậy những người ăn uống không tiêu, đại tiện lỏng không nên dùng","Sách: ĐHY.Dược Học Cổ Truyền (NXB Y Học 2002) - Phạm Xuân Sinh,  trang 171"
H091,Bán hạ (nam),Rhizoma Typhonii,Tân,Ôn,Dương,Thổ,Thuốc hóa đàm hàn,"Tỳ, Vị","Công năng: Làm ráo thấp, trừ đàm, chỉ ho, giáng nghịch, chỉ nôn, tiêu thũng, giảm đau, giải độc.
Chủ trị: Đàm thấp gây ho nhiều đờm, đàm thấp mạn tính, viêm phế quản mạn, ho kèm buồn nôn, khí nghịch gây nôn ói, nôn do đàm trệ, đau do rắn cắn, sưng đau, viêm nhiễm ngoài da.","Những người có chứng táo, nhiệt, không nên dùng, người có thai dùng cần thận trọng","Sách: ĐHY.Dược Học Cổ Truyền (NXB Y Học 2002) - Phạm Xuân Sinh,  trang 235"
H092,Trần bì,Pericarpium Citri,"Khổ, tân",Ôn,Dương,"Thổ, Kim",Thuốc hành khí giải uất,"Tỳ, Phế","Công năng: Hành khí hòa vị, chỉ nôn chỉ tả, hóa đàm ráo thấp, chỉ ho, sơ can hành khí.
Chủ trị: Đau bụng do hàn, khí trệ gây đầy trướng ngực bụng, buồn nôn, nôn, tiêu chảy, ho có đờm, đàm thấp ứ trệ ở ngực, viêm khí quản mạn tính, bệnh sán thống như đau ruột non, đau tinh hoàn, thoát vị bẹn, nhọt ở vú, vú kết hòn cục, sườn ngực đau, phong thấp ước khí.","Những người ho khan, âm hư không có đàm, không nên dùng","Sách: ĐHY.Dược Học Cổ Truyền (NXB Y Học 2002) - Phạm Xuân Sinh,  trang 275"
H093,Hương phụ,Rhizoma Cyperi,"Vi tân, vi khổ",Bình,Trung tính,"Mộc, Thổ",Thuốc hành khí giải uất,"Can, Tỳ, Tam tiêu","Hành khí chỉ thống, giải uất điều kinh, kiện vị tiêu thực. Chủ trị: Đau dạ dày, tiêu hóa kém, đau cơ, đau ngực sườn, đau dây thần kinh ngoại biên, đau đầu, đau bụng kinh, rối loạn kinh nguyệt.",Âm hư huyết nhiệt không nên dùng,"https://duocdienvietnam.com/huong-phu-than-re/
category_vi: Sách ĐHY.Dược Học Cổ Truyền (NXB Y Học 2002) - Phạm Xuân Sinh,  trang 274"
H094,Mộc hương,Radix Sausurea lappae,"Tân, khổ",Ôn,Dương,"Kim, Mộc, Thổ",Thuốc hành khí giải uất,"Phế, Can, Tỳ","Công năng: Hành khí chỉ thống, bình can giáng áp.
Chủ trị: Can tỳ vị khí trệ gây ngực bụng đầy trướng, đau bụng, ăn uống không ngon, khó tiêu, đau hông sườn, đau nhức do khí trệ, can dương thịnh gây cao huyết áp.","Chú ý: Vân mộc hương có tác dụng giáng áp. Còn dùng vị nam mộc hương (vỏ rụt) vỏ cây rụt Họ-Rutaceae, với tác dụng của mộc hương","Sách: ĐHY.Dược Học Cổ Truyền (NXB Y Học 2002) - Phạm Xuân Sinh,  trang 279"
H095,Phòng phong,Radix Ledebouriellae seseloidis,"Tân, cam",Vi ôn,Dương,"Mộc, Thủy",Thuốc giải biểu cay ấm,"Can, Bàng quang","Công năng: Giải cảm hàn, trừ phong thấp, giảm đau, giải độc
Chủ trị: Cảm mạo phong hàn xuất hiện sốt rét, đau đầu, ho. Đau nhức xương khớp hoặc đau mình mẩy, buốt cơ, đau nửa đầu. Co quắp, uốn ván và dùng phòng phong giải độc thạch tín","Những người âm hư hỏa vượng không có phong tả không nên dùng, tương sát với thạch tín","Sách: ĐHY.Dược Học Cổ Truyền (NXB Y Học 2002) - Phạm Xuân Sinh,  trang 177"
H096,Độc hoạt,Radix Angelicae pubescentis,"Tân, khổ",Ôn,Dương,"Mộc, Thủy",Thuốc khử phong thấp,"Can, Thận","Công năng: Khử phong thấp, chỉ thống
Chủ trị: Phong hàn thấp tý, tê liệt cơ thể. Đau nhức xương khớp","Những người âm hư, hỏa vượng, huyết hư không nên dùng","Sách: ĐHY.Dược Học Cổ Truyền (NXB Y Học 2002) - Phạm Xuân Sinh,  trang 327"
H097,Tang diệp,Folium Mori,"Khổ, cam",Hàn,Âm,"Mộc, Kim, Thủy",Thuốc giải biểu cay mát,"Can, Phế, Thận","Công năng: Giải cảm nhiệt, cố biểu, liễm hàn, làm hạ huyết áp, hạ đường huyết
Chủ trị: Cảm nhiệt, biểu hiện miệng khát, sốt cao, đau đầu, ho khan. Mồ hôi, mồ hôi trộm, ra mồ hôi ở lòng bàn tay. Kinh can bị phong nhiệt, mắt đỏ sưng đau, viêm màng kết mạc, hoa mắt, chảy nhiều nước mắt, tiêu khát (đái đường)","Chú ý: Khi dùng, lấy lá bánh tẻ, tước bỏ cuống và xơ gân. Lá non nấu canh với tôm chà cho trẻ ăn chữa mồ hôi trộm. Tang diệp có tác dụng ức chế trực khuẩn thương hàn, tụ cầu khuẩn","Sách: ĐHY.Dược Học Cổ Truyền (NXB Y Học 2002) - Phạm Xuân Sinh,  trang 182"
H098,Lô căn,Radix Phragmiti,Cam,Hàn,Âm,"Kim, Thổ",Thuốc thanh nhiệt táo thấp,"Phế, Vị","Công năng: Thanh nhiệt sinh tân dịch, lợi niệu. Thanh phế nhiệt, thanh trừ nhiệt ở vị, làm hết nôn
Chủ trị: Bệnh nhiệt, tâm phiền, miệng khát, tiểu tiện ngắn đỏ. Phong thấp phạm phế nhiệt sinh ho. Vị nhiệt gây nôn lợm, nấc","Chú ý: Thân và rễ lô căn có tác dụng giống nhau, nhưng lực thanh phế của thân mạnh hơn rễ. Có tác dụng hòa tan sỏi mật, có thể trị hoàng đần và viêm khớp cấp tính","Sách: ĐHY.Dược Học Cổ Truyền (NXB Y Học 2002) - Phạm Xuân Sinh,  trang 227"
H099,Cát cánh,Radix Platycodi,"Tân, khổ",Ôn,Dương,Kim,Thuốc hóa đàm hàn,Phế,"Công dụng: Khử đàm chỉ ho, làm thông phế, lợi hầu họng, trừ mũ, tiêu ung thũng
Chủ trị: Ho đàm(Đàm khó khạc ra, đàm nhiều), ngực bứt rứt khó chịu. Kinh phế bị tắc, hầu họng sưng đau như viêm vọng, viêm amiđan. Phế ung, phế có mủ, ngực và cơ hoành đau, ho nôn ra đàm mủ. Ngoài ra còn tiêu trừ khí tích trong dạ dày, ruột","Những người âm hư hỏa vượng ho lâu ngày, ho ra máu đều không nên dùng, dùng lượng lớn quá, sau khi uống, dẫn đến đau tâm, buồn nôn","Sách: ĐHY.Dược Học Cổ Truyền (NXB Y Học 2002) - Phạm Xuân Sinh,  trang 239"
H100,Cát căn,Radix Pueraiae,"Tân, cam",Bình,Trung tính (Thiên Dương),Thổ,Thuốc giải biểu cay mát,"Tỳ, Vị","Công năng: Làm ra mồ hôi, hạ nhiệt, giải độc, làm cho sởi mọc hoàn toàn, sinh tân dịch chỉ khát, thanh tràng chỉ lỵ, thanh tâm nhiệt, hạ huyết nhiệt
Chủ trị: Ngoại cảm phong nhiệt sốt cao, phiền khát, đau đầu; đặc biệt đau vùng sau đầu, vùng chẩm và vùng gáy, hoặc cứng gáy, cổ gáy đau, khó quay đầu. Sốt mà bụng cồn cào, miệng háo khát người khô háo, đại tiện bí kết, đau vùng thượng vị. Đi ngoài lỏng lỵ lâu ngày. Chứng niêm mạc miệng môi lưỡi lở loét, sinh mụn nhọt, các chứng tiểu tiện, tiểu dắt, buốt, nước tiểu đục, bệnh cao huyết áp","Những người thượng tiêu thịnh, hạ tiêu hư, âm hư, hỏa vượng, không nên dùng","Sách: ĐHY.Dược Học Cổ Truyền (NXB Y Học 2002) - Phạm Xuân Sinh,  trang 184"
H101,Ngưu bàng tử,Fructus Arctii,"Tân, khổ",Hàn,Âm,"Kim, Thổ",Thuốc giải biểu cay mát,"Phế, Vị","Công năng: Giải cảm nhiệt, giải độc, làm cho sởi mọc. Ngoài ra còn dùng đối với dị ứng
Chủ trị: Phong nhiệt phạm biểu, gây sốt, miệng khô khát, ho khan viêm amiđan, khạt ra đờm vàng đặc. Ngoài ra còn dùng đối với dị ứng","Những người tỳ hư, tiết tả, không nên dùng","Sách: ĐHY.Dược Học Cổ Truyền (NXB Y Học 2002) - Phạm Xuân Sinh,  trang 181"
H102,Mộc thông,Caulis Clematidis armandi,Khổ,Hàn,Âm,"Hỏa, Kim",Thuốc lợi thấp,"Tâm, Phế, Đại trường, Tiểu trường","Công năng: Lợi thấp, lợi niệu, thông lâm, hành huyết thông kinh
Chủ trị: Bí tiểu tiện, tiểu tiện ngắn đỏ, đái dắt. Kinh nguyệt bế tắc, huyết mạch ứ trệ, mình mẩy đau nhức, đau khớp","Chú ý: Với liều 0,5g/kg, tiêm vào phúc mạc thỏ, có tác dụng lợi tiểu. Uống 3g (3 lần), lượng nước tiểu tăng, nhưng trong nước tiểu lượng Cl- giảm. Dịch chiết cồn 1:20 có thể ức chế nhiều loại vi khuẩn Gram dương và lỵ trực khuẩn, trực khuẩn thương hàn","Sách: ĐHY.Dược Học Cổ Truyền (NXB Y Học 2002) - Phạm Xuân Sinh,  trang 339"
H103,Sài đất,Herba Wedeliae,"Vi hàm, vi khổ",Lương,Âm,"Hỏa, Kim, Thổ",Thuốc chữa mụn nhọt mẩn ngứa,"Tâm, Phế, Vị","Thanh nhiệt giải độc, tiêu viêm. Chủ trị: Mụn nhọt, ngứa lở, dị ứng.",,"https://duocdienvietnam.com/sai-dat/
category_vi: sách những cây thuốc và vị thuốc việt nam trang 87
Link: https://up.nhuttruong.com/file/nhuttruongcom/sach02/TBooks%20-%20Ebook%20Nhung%20cay%20thuoc%20-%20GS.TS.%20Do%20Tat%20Loi%20911132.pdf"
H104,Cẩu tích,Rhizoma Cibotii,"Khổ, cam, vi tân",Ôn,Dương,"Mộc, Thủy",Thuốc bổ dương (thuốc trợ dương),"Can, Thận","Công năng: Bổ can thận, mạnh gân cốt, trừ phong thấp, cố thận
Chủ trị: Can thận yếu, đau lưng, đau khớp, suy tủy, hai chân tê mỏi, nhức trong xương, vô lực. Bệnh đái tháo, đái nhiều không cầm lại được, phụ nữ băng lậu, đới hạ, hoặc các bệnh di tinh, hoạt tinh","Những người thận hư có nhiệt không dùng, âm hư có nhiệt, tiểu tiện không thông, miệng đắng lưỡi khô, không dùng.","Sách: ĐHY.Dược Học Cổ Truyền (NXB Y Học 2002) - Phạm Xuân Sinh,  trang 349"
H105,Đậu sị,Semen Sojae praeparatum,Khổ,Hàn,Âm,"Kim, Thổ",Thuốc chữa cảm sốt,"Phế, Vị","Có tác dụng giải biểu trừ phiền. Dùng làm thuốc thanh nhiệt sơ khởi, khi sốt, khi rét, đầu nhức, ngực đầy trướng, phiền nhiệt",Những người không phải phong hàn ngoại cảm không dùng được,"sách những cây thuốc và vị thuốc việt nam trang 686
Link: https://up.nhuttruong.com/file/nhuttruongcom/sach02/TBooks%20-%20Ebook%20Nhung%20cay%20thuoc%20-%20GS.TS.%20Do%20Tat%20Loi%20911132.pdf"
H106,Hoàng bá,Cortex Phellodendri,Khổ,Hàn,Âm,"Thủy, Thổ",Thuốc bổ thanh nhiệt táo thấp,"Thận, Tỳ, Bàng quang","Công năng: Tư âm giáng hỏa, thanh nhiệt táo thấp, giải độc tiêu viêm
Chủ trị: Âm hư phát sốt, xương đau âm ỉ, ra mồ hôi trộm (đạo hãn), di tinh do thận hỏa. Hạ tiêu thấp nhiệt, cơ thể bị thấp chấn, lỡ ngứa, mụn nhọt","Những người tỳ hư, đại tiện lỏng, vị yếu, ăn uống không tiêu, không nên dùng","Sách: ĐHY.Dược Học Cổ Truyền (NXB Y Học 2002) - Phạm Xuân Sinh,  trang 221"
H107,Chi tử,Fructus Gardeniae,Khổ,Hàn,Âm,"Hỏa, Kim, Mộc",Thuốc thanh nhiệt giáng hỏa,"Tâm, Phế, Can, Đởm, Tam tiêu","Công năng: Thanh nhiệt giáng hỏa, thanh tâm nhiệt trừ phiền, thanh lợi thấp nhiệt, chỉ huyết, giải độc
Chủ trị: Tâm phiền bất an, mất ngủ do tâm hỏa, hoặc sốt cao dãn đến điên cuồng mê sảng. Can đởm thấp nhiệt (viêm gan, viêm túi mật). Huyết nhiệt dẫn đến thổ huyết, mục huyết (chảy máu cam) đại tiểu tiện ra huyết.","Những người tỳ hư, đại tiện lỏng không dùng","Sách: ĐHY.Dược Học Cổ Truyền (NXB Y Học 2002) - Phạm Xuân Sinh,  trang 214"
H108,Long đởm thảo,Radix Gentianae,Khổ,Hàn,Âm,"Mộc, Thủy",Thuốc thanh nhiệt táo thấp,"Can, Đởm, Bàng quang","Công năng: Thanh trừ thấp nhiệt ở hạ tiêu, trừ hỏa độc ở can đởm, thanh phế hỏa, trừ hỏa độc phần dinh huyết, bình can hạ áp, giải độc, trừ giun đũa
Chủ trị: Mắt đau đỏ, sưng thũng viêm kết mạc do can hỏa dẫn đến hoặc dùng trong bệnh can đởm thấp nhiệt, bệnh viêm gan vàng da. Viêm nhiễm đường hô hấp trên như viêm họng, viêm amiđan, ngoài ra còn dùng trong bệnh viêm tai giữa, tai có mũ, bệnh tinh hoàn cấp tính. Thương hàn, sốt cao phát cuồng, huyết áp cao, đau đầu","Những người tỳ vị hư nhược, âm hư phát sốt không nên dùng","Sách: ĐHY.Dược Học Cổ Truyền (NXB Y Học 2002) - Phạm Xuân Sinh,  trang 223"
H109,Sinh địa,Radix Rehmaniae,Khổ,Hàn,Âm,"Hỏa, Mộc, Thủy",Thuốc thanh nhiệt lương huyết,"Tâm, Can, Thận","Công năng: Thanh nhiệt lương huyết, dưỡng âm, sinh tân dịch, chỉ khát
Chủ trị: Dùng đối với bệnh tà nhiệt nhập vào phần dinh, biểu hiện sốt cao, miệng khát, lưỡi đỏ tâm phiền. Thuốc bản chất có nhiều dịch nhuận cót hể dưỡng âm. Vị ngọt có tính hàn có thể sinh tân dịch, cho nên có thể dưỡng âm, nhuận táo kết. Sau thời kỳ bị sốt hoặc bị nhiệt, nhiệt làm thương tổn đến tân dịch. Sinh địa còn dùng để trị bệnh đái đường có kết quả","Do thuốc có nhiều dịch, bản chất của nó là trệ nhờn cho nên những người tỳ hư, bụng đầy, đại tiện lỏng và dương hư, nhiều đờm thấp nhiệt đều không dùng","Sách: ĐHY.Dược Học Cổ Truyền (NXB Y Học 2002) - Phạm Xuân Sinh,  trang 229"
H110,Thục địa,Radix Rhemaniae praeparatus,Cam,Ôn,Dương,"Hỏa, Mộc, Thủy",Thuốc bổ huyết,"Tâm, Can, Thận","Công năng: Tư âm, dưỡng huyết, sinh tân dịch, chỉ khát, nuôi dưỡng và bổ thận âm
Chủ trị: Các trường hợp thiếu máu, chóng mặt, đau đầu, tân dịch khô sáp, mắt khô rom, nứt nẻ môi, râu tóc sớm bạc, lưng đau, gối mỏi. Bệnh tân dịch hao tổn, háo khát, chức năng thận âm kém (thận ân bất túc), dẫn đến ù tai, di mộng tinh, tự hãn, phụ nữ kinh nguyệt không đều huyết hư sinh đau đầu","Chú ý: Những người tỳ vị hư hàn không nên dùng. Dùng thục địa lâu dễ ảnh hưởng đến tiêu hóa, do đó khi dùng có thể phối hợp thêm thuốc hành khí như trần bì, hương phụ để tránh hiện tượng đầy bụng","Sách: ĐHY.Dược Học Cổ Truyền (NXB Y Học 2002) - Phạm Xuân Sinh,  trang 311"
H111,Sa tiền tử,Semen Plantaginis,Cam,Hàn,Âm,"Mộc, Thủy, Hỏa",Thuốc lợi thấp,"Can, Thận, Tiểu trường","Công năng: Thanh nhiệt, lợi thấp, thanh thấp nhiệt tỳ vị, thanh phế hóa đờm, ích thận cố tinh
Chủ trị: Chứng thấp nhiệt, tiểu tiện khó khăn, đi tiểu đau buốt, đái dắt, nước tiểu đỏ đục, nóng và lượng rất ít, thậm chí đi tiểu ra máu. Ngoài ra, còn trị viêm thận cấp tính, viêm dương niệu đạo, viêm bàng quang cấp, sỏi niệu đạo. Trị ỉa chảy và viêm đường ruột, trị bệnh lỵ, phế nhiệt, sinh ho, ho có đờm, mắt đỏ, hoa mắt. Hạt mã đề còn dùng cho những người không sinh con được hoặc lâu ngày không đẻ lại được, còn dùng chữa ho ra máu, hạ huyết áp","Chú ý: Lá mã đề còn được dùng lợi niệu, viêm nhiễm đường niệu (giống như hạt), lá giã nát đắp mụn nhọt có kết quả. Dùng bộ phận trên mặt đất để phòng và chữa bệnh quai bị (đối với trẻ em). Dịch ép tươi của bộ phận trên mặt đất có tác dụng chống loét dạ dày và tá tràng. Những người thận hư không thấp nhiệt không nên dùng. Khi dùng thường sao cho hạt khô phồng, vị thuốc có tác dụng ức chế trực khuẩn lỵ. Hạt mã đề có tác dụng tăng cường bài tiết nước tiểu, tăng bài tiết lượng acid uric, lượng muối NaCl. Chất glycozid chiết ra từ hạt, có tác dụng ức chế trung khu hô hấp, xúc tiến sự phân tiết ở niêm mạc đường hô hấp (cho nên có thể dùng trấn ho trừ đờm). Ngoài ra mã đề còn có tác dụng hạ huyết áp","Sách: ĐHY.Dược Học Cổ Truyền (NXB Y Học 2002) - Phạm Xuân Sinh,  trang 334"
H112,Đại hoàng,Radix Rhei,Khổ,Hàn,Âm,"Mộc, Thổ, Kim",Thuốc tả hạ có tính hàn,"Can, Tỳ, Vị, Đại trường, Tâm bào","Công năng: Thanh trường thông tiện, tà hỏa giải độc, trục ứ thông kinh
Chủ trị: Vị tràng thực nhiệt dẵn đến bí kết, thậm chí có khi dẫn đến sốt nói mê sảng, phát cuồng. Tả hỏa độc dẫn đến nôn ra máu, chảy máu mũi, màng kết hợp sung huyết, sung huyết não, lợi bị phù. Bế tích chỉ hoặc ngã chấn thương ứ huyết sưng đau","Phụ nữ có thai, lúc có kinh nguyệt không nên dùng","Sách: ĐHY.Dược Học Cổ Truyền (NXB Y Học 2002) - Phạm Xuân Sinh,  trang 361"
H113,Binh lang,Semen Arecae,"Tân, khổ",Ôn,Dương,"Thổ, Kim",Thuốc trừ giun sán,"Vị, Đại trường","Công năng: Khử trùng, tiêu tích, lợi thủy tiêu phù, hành khí thông tiện
Chủ trị: Sán dây, sán mơ mít. giun đũa, giun kim, dùng trong các trường hợp bụng đầy tích, đau do các nguyên nhân trên. Tiểu tiện khó khăn, đái buốt, phù nể, đặc biệt đối với bệnh hàn thấp cước khí chân phù, ngực bí bích, buồn nôn. Khí trệ, đại tiện bí táo, bụng đày trướng, khó tiêu","Vị thuốc có sức hành khí phá khí tương đối mạnh, những cơ thể hư nhược không nên dùng","Sách: ĐHY.Dược Học Cổ Truyền (NXB Y Học 2002) - Phạm Xuân Sinh,  trang 383"
H114,Thạch cao,Cypsum fibrosum,"Tân, cam",Hàn,Âm,"Kim, Thổ",Thuốc thanh nhiệt giáng hỏa,"Phế, Vị, Tam tiêu","Công năng: Thanh nhiệt giáng hỏa, thanh phế nhiệt, giải độc, chống viêm, thu liễm sinh cơ
Chủ trị: Trừ phiền, chỉ khát có tác dụng thanh tà nhiệt của hai kinh phế và dạ dày. Là thuốc chính để thanh nhiệt tả hỏa, thường được dùng khi phần khí bị thực nhiệt. Trên lâm sàng thường dùng trong các bệnh sốt cao ra nhiều mồ hôi, lưỡi đỏ, miệng khát, mạch hồng, đại. Phế nhiệt, phế viêm, viêm phế quản, viêm họng, khí huyết bị nhiệt thiêu đốt, cơ thể phát ban. Bề mặt vết thương hoặc mụn nhọt bị lở loét.","Những người yếu dạ dày, yếu tim, mạch vi tế, hoặc khi bị chứng dương hư thì không dùng","Sách: ĐHY.Dược Học Cổ Truyền (NXB Y Học 2002) - Phạm Xuân Sinh,  trang 213"
H115,Tê giác,Cornu Rhinoceri,"Khổ, toan, hàm",Hàn,Âm,"Hỏa, Mộc, Thổ, Thủy",Thuốc thanh nhiệt lương huyết,"Tâm, Can, Vị, Thận","Công năng: Thanh nhiệt lương huyết, thanh nhiệt giải độc, chỉ huyết, tráng thận thủy, thanh tâm hỏa.
Chủ trị: Nhiệt tà nhập doanh huyết, huyết nhiệt gây sốt cao, cuồng nhiệt, nói mê sảng, viêm não, viêm não B, rắn độc cắn, thổ huyết, nục huyết, phát ban, xuất huyết dưới da, tâm phiền, bồn chồn, mất ngủ do tâm thận bất giao.","Những người không có thực nhiệt không nên dùng, người có thai khi dùng phải thận trọng. Khi dùng cần kiêng muối ăn. Có thể dùng sừng trâu, bò để thay thế, song mức độ thanh nhiệt kém, do đó dùng liều cao 40-150g mỗi lần, dưới dạng thuốc sắc","Sách: ĐHY.Dược Học Cổ Truyền (NXB Y Học 2002) - Phạm Xuân Sinh,  trang 228"
H116,Mẫu đơn bì,Radix Paeoniae,Khổ,Vi hàn,Âm,"Hỏa, Mộc, Thủy",Thuốc thanh nhiệt lương huyết,"Tâm, Can, Thận","Công năng: Thanh nhiệt lương huyết, thanh nhiệt giải độc, chỉ huyết, tráng thận thủy, thanh tâm hỏa.
Chủ trị: Nhiệt tà nhập doanh huyết, huyết nhiệt gây sốt cao, cuồng nhiệt, nói mê sảng, viêm não, viêm não B, rắn độc cắn, thổ huyết, nục huyết, phát ban, xuất huyết dưới da, tâm phiền, bồn chồn, mất ngủ do tâm thận bất giao.","Vị thuốc này có tác dụng thông kinh, hoạt huyết nên không dùng được cho những người có kinh nguyệt nhiều, phụ nữ có thai âm hư ra nhiều mồ hôi","Sách: ĐHY.Dược Học Cổ Truyền (NXB Y Học 2002) - Phạm Xuân Sinh,  trang 231"
H117,Mạch môn,Radix Ophiopogonis japonici,"Cam, vi khổ",Vi hàn,Âm,"Hỏa, Kim, Thổ","Thuốc chữa ho, hen","Tâm, Phế, Vị","Dưỡng vị sinh tân, nhuận phế thanh tâm. Chủ trị: Phế nhiệt do âm hư, ho khan, ho lao, tân dịch thương tổn, tâm phiền mất ngủ, tiêu khát, táo bón.","Tỳ vị hư hàn, ăn uống chậm tiêu, ỉa chảy không nên dùng","https://duocdienvietnam.com/mach-mon-re/
category_vi: sách những cây thuốc và vị thuốc việt nam trang 715
Link: https://up.nhuttruong.com/file/nhuttruongcom/sach02/TBooks%20-%20Ebook%20Nhung%20cay%20thuoc%20-%20GS.TS.%20Do%20Tat%20Loi%20911132.pdf"
H118,Phụ tử chế,Radix Aconiti praeparatus,"Tân, cam",Đại nhiệt (có độc),Dương,"Hỏa, Thủy, Thổ",Thuốc hồi dương cứu nghịch,"Tàm, Thận, Tỳ","Công năng: Hồi dương cứu nghịch, khứ hàn, giảm đau, ấm thận hành thủy, kiện tỳ vị
Chủ trị: Tâm thận dương hư, mồ hôi tự vã ra, nôn nhiều, người lạnh toát, chân tay co quắp, mạch nhỏ muốn tuyệt, tỳ vị hư hàn. Phong hàn, thấp, tý, đau nhức xương khớp, chân tay đau nhức, lạnh. Viêm thận mạn tính, hoặc chức năng thận kém, dương khí không đủ, lưng gối đau lạnh, nhất là những người già cả, chức năng thận kém, chân tay phù nề.","Những người âm hư dương thịnh, phụ nữ có thai không dùng. Trẻ em dưới 15 tuổi không dùng","Sách: ĐHY.Dược Học Cổ Truyền (NXB Y Học 2002) - Phạm Xuân Sinh,  trang 196"
H119,Đẳng sâm,Radix Codonopsis,Cam,"Bình, vi ôn",Trung tính (Thiên Dương),"Kim, Thổ",Thuốc bổ khí,"Phế, Tỳ","Công năng: Bổ tỳ, sinh tân dịch, Ích khí bổ phế,lợi niệu
Chủ trị: Kém ăn, kém ngủ, cơ thể mệt mỏi, miệng khát, dùng tốt trong các trường hợp trung khí vị hư yếu, gây nên các hiện tượng sa giáng như sa dạ dày, sa ruột, tử cung, trĩ, lòi dom.... Các bệnh ho, khí phế hư nhược hơi thở ngắn, ho hen, suyễn tức. Bệnh phù do thận, đặc biệt trong các trường hợp nước tiểu có albumin","Chú ý: Đẳng sâm có tác dụng làm tăng huyết sắc tố, tăng hồng cầu, giảm bạch cầu, hạ huyết áp và tăng đường huyết","Sách: ĐHY.Dược Học Cổ Truyền (NXB Y Học 2002) - Phạm Xuân Sinh,  trang 284"
H120,Phá cố chỉ,Psoralea corylifolia L,"Tân, khổ",Đại ôn,Dương,"Thổ, Thủy","Thuốc bổ, thuốc bồi dưỡng nguồn gốc thảo mộc","Tỳ, Thận, Tâm bào","Có tác dụng bổ mệnh môn trướng hỏa nạp thận khí, là thuốc cường tráng dùng chữa các chứng ngũ lao, thất thương, cốt tủy thương bại, phụ nữ khí huyết xấu, trụy thai, tỳ thận hư hàn, đái són, lưng gối lạnh đau","Phàm những bệnh âm hư hỏa động đi tiểu ra huyết, máu đỏ, đại tiện táo kết không dùng được","sách những cây thuốc và vị thuốc việt nam trang 856
Link: https://up.nhuttruong.com/file/nhuttruongcom/sach02/TBooks%20-%20Ebook%20Nhung%20cay%20thuoc%20-%20GS.TS.%20Do%20Tat%20Loi%20911132.pdf"
H121,Nhục đậu khấu,Myristica fragrans Houtt,Tân,Ôn (hơi độc),Dương,"Thổ, Kim",Thuốc chữa bệnh ở bộ máy tiêu hóa,"Tỳ, Vị, Đại trường","Có năng lực ôn tỳ, sáp trường, chỉ nôn, chỉ tả lỵ, tiêu thực, chữa lạnh bụng, đau bụng, đày chướng","Phàm nhiệt tả, nhiệt lỵ và bệnh mới phát chớ có dùng","sách những cây thuốc và vị thuốc việt nam trang 406
Link: https://up.nhuttruong.com/file/nhuttruongcom/sach02/TBooks%20-%20Ebook%20Nhung%20cay%20thuoc%20-%20GS.TS.%20Do%20Tat%20Loi%20911132.pdf"
H122,Ngô thù du,Fructus Evodiae,"Tân, khổ",Ôn,Dương,"Mộc, Thủy, Thổ",Thuốc ôn trung,"Can, Thận, Tỳ, Vị","Công năng: Khử hàn chỉ thống, giáng nghịch chỉ nôn, chỉ ngứa.
Chủ trị: Đau bụng do hàn, đau sườn ngực, đau đỉnh đầu, phát cước do khí lạnh, đau bụng do hàn thấp, hàn sán, vị hàn khí nghịch gây nôn, nôn lợm, nuốt chua, đau bụng lạnh, nôn khan hoặc nhiều dãi, ngứa vùng thấp hạ, ngứa kèm nước vàng chảy ra.","Những người huyết hư, cơ thể nhiệt, phụ nữ có thai không dùng được","Sách: ĐHY.Dược Học Cổ Truyền (NXB Y Học 2002) - Phạm Xuân Sinh,  trang 195"
H123,Sa nhân,Fructus Amomi,Tân,Ôn,Dương,"Thủy, Thổ",Thuốc hóa thấp,"Thận, Tỳ, Vị","Công năng: Lý khí hóa thấp, trừ phong thấp, giảm đau, an thai.
Chủ trị: Chữa đau bụng, đầy bụng buồn nôn, đi tả hoặc đại tiện ra máu, hoặc ăn uống không tiêu. Chân tay, mình mẩy đau nhức, đau xương hoặc đau cơ bắp, đau dây thần kinh liên sườn, đau gáy....Các trường hợp thai động bất an, hoặc có xuất huyết.",Chú ý: Tinh dầu sa nhân có tác dụng diệt lỵ amíp (Nguyễn Đức Minh),"Sách: ĐHY.Dược Học Cổ Truyền (NXB Y Học 2002) - Phạm Xuân Sinh,  trang 330"
H124,Phục linh (Bạch phục linh),Poria,"Cam, đạm",Bình,Trung tính (Thiên Dương),"Thổ, Thủy, Hỏa, Kim",Thuốc lợi thấp,"Tỳ, Thận, Vị, Tâm, Phế","Công năng: Lợi thủy, thẩm thấp, kiện tỳ, an thần
Chủ trị: Các bênh tiểu tiện bí, đái buốt, nhức, nước tiểu đỏ hoặc đục, lượng nước tiểu ít, người bị phù thũng. Tạng tỳ bị hư nhược gây ỉa lỏng, trị tâm thần bất an, tim loạn nhịp, hồi hộp, mất ngủ, hay quên.","Chú ý: Có tác dụng lợi niệu, tiêu phù, hỗ trợ điều trị tiểu tiện khó, có tác dụng an thần, hỗ trợ cải thiện mất ngủ hồi hộp, có tác dụng kiện tỳ, lợi thấp, có tác dụng hạ đường huyết, tăng cường chức năng tim, có tác dụng trấn tĩnh, chống nôn, có tác dụng kháng khuẩn đối với vi khuẩn đường ruột và vi khuẩn thường gặp, cần phân biệt với các loài khác có công dụng khác để tránh nhầm lẫn khi sử dụng","Sách: ĐHY.Dược Học Cổ Truyền (NXB Y Học 2002) - Phạm Xuân Sinh,  trang 333"
H125,Xạ can,Rhizoma Belamcandae,"Tân, khổ",Hàn (Có độc),Âm,"Kim, Mộc",Thuốc thanh nhiệt giải độc,"Phế, Can","Công năng: Thanh nhiệt giải độc, giáng khí phế, hoá đờm, bình suyễn, thông kinh hoạt lạc, lợi đại tiểu tiện.
Chủ trị: Hầu họng sưng đau do đờm nhiệt, viêm họng cấp tính, viêm họng hạt, viêm họng mạn tính, phòng ngừa tái phát viêm họng, ung độc, mụn nhọt, nhọt vú, ho do nhiệt, đờm nhiều đặc, khó thở d",Những người tỳ vị hư hàn không nên dùng,"Sách: ĐHY.Dược Học Cổ Truyền (NXB Y Học 2002) - Phạm Xuân Sinh,  trang 208"
H126,Bạch phàn (Phèn chua),Alumen,Toan,Hàn,Âm,Thổ,Thuốc dùng ngoài,Tỳ kinh,"Công năng: Sát khuẩn chỉ ngứa, trừ đờm khai bế, thanh nhiệt táo thấp, chỉ huyết, giải độc
Chủ trị: Thấp chẩn gây lở ngứa, hoặc ngứa từng đám trên da, hoặc các bệnh ký sinh trùng đường ruột. Các bệnh đau họng, bệnh điên giản, đờm dãi nhiều, phèn phi dùng chữa bệnh viêm dạ dày và ruột cấp tính. Bệnh hoàng đản, nục huyết, thổ huyết, tiện huyết, băng huyết. Bệnh mụn nhọt ở miệng, tai có mủ.",Thể âm hư không dùng. Chú ý: Không uống lượng nhiều và thời gian kéo dài,"Sách: ĐHY.Dược Học Cổ Truyền (NXB Y Học 2002) - Phạm Xuân Sinh,  trang 390"
H127,Hẹ,Allium odorum L,"Tân, cam",Ôn,Dương,"Mộc, Thủy","Thuốc chữa ho, hen","Can, Thận","Có tác dụng bổ can thận, làm ấm lưng gối, dùng làm thuốc chữa tiểu tiện nhiều lần, đái són, mộng tinh, bạch trọc",Những người âm hư hỏa vượng không dùng được,"sách những cây thuốc và vị thuốc việt nam trang 724
Link: https://up.nhuttruong.com/file/nhuttruongcom/sach02/TBooks%20-%20Ebook%20Nhung%20cay%20thuoc%20-%20GS.TS.%20Do%20Tat%20Loi%20911132.pdf"
H128,La bạc tử (Hạt củ cải),Semen Raphani,"Tân, cam",Bình,Trung tính (Thiên Dương),"Thổ, Kim",Thuốc ôn phế chỉ khái,"Tỳ, Vị, Phế","Công năng: Hạ (giáng) khí bình suyễn, tiêu thực hóa tích
Chủ trị: Đàm nhiều suyễn tức hoặc bệnh viêm khí quản mạn tính, đặc biệt dùng tốt cho viêm khí quản mạn tính ở người già. Trị ho nhiều, hoặc ho lâu ngày. Bệnh tiêu hóa kém, thức ăn bị tích trệ, bụng đầy trướng","Những người khí hư không có thực tính, đàm trệ không nên dùng. Chú ý: hat củ cải và dầu của nó có tác dụng ức chế đối với một số vi khuẩn","Sách: ĐHY.Dược Học Cổ Truyền (NXB Y Học 2002) - Phạm Xuân Sinh,  trang 246"
H129,Tử uyển,Aster tataricus L,"Khổ, cam",Ôn,Dương,Kim,"Thuốc chữa ho, hen",Phế,"Tác dụng ôn phế, hóa đờm, hạ khí, chỉ ho, thông điều thủy đạo. Dùng chữa ho, khí xuyễn, ho ra máu mủ, tiểu tiện đỏ","Phàm âm hư, phổi ráo, có thực nhiệt không được dùng","sách những cây thuốc và vị thuốc việt nam trang 738
Link: https://up.nhuttruong.com/file/nhuttruongcom/sach02/TBooks%20-%20Ebook%20Nhung%20cay%20thuoc%20-%20GS.TS.%20Do%20Tat%20Loi%20911132.pdf"
H130,Khoản đông hoa,Tussilago farfara L,"Tân, cam",Ôn,Dương,Kim,"Thuốc chữa ho, hen",Phế,"Có tác dụng ôn phế, hạ khí hóa đờm, chỉ ho, dùng trong những trường hợp ho khí đưa ngược lên, hầu tè, kinh giản, tiêu khát, khó thở",,"sách những cây thuốc và vị thuốc việt nam trang 777
Link: https://up.nhuttruong.com/file/nhuttruongcom/sach02/TBooks%20-%20Ebook%20Nhung%20cay%20thuoc%20-%20GS.TS.%20Do%20Tat%20Loi%20911132.pdf"
H131,Tạo giác,Fructus Gledischiae,"Tân, hàm",Ôn (Ít độc),Dương,Kim,Thuốc hóa đàm hàn,"Phế, Đại trường","Công năng: Khử đàm, chỉ ho, thông khiếu, khai bế, sát khuẩn, chống viêm, tiêu ung, thông tia sữa, thông đại tiểu tiện.
Chủ trị: Đàm đặc ngưng trệ, ngực đầy trướng, ho khan, suyễn tức, nôn ra đàm rãi, trúng phong cấm khẩu, điên giản, đàm tắc cổ họng, cổ họng sưng đau, ngất, say nắng, tinh thần hôn mê, hầu họng sưng đau, mụn nhọt, nhiễm trùng ngoài da, xích bạch lỵ, đau bụng mót rặn, bí đại tiểu tiện, trung tiện bí kết sau phẫu thuật.","Chú ý: Hỗn hợp saponin và flavonoid có trong bồ kết có tác dụng giảm đau, nước sắc bồ kết có tác dụng trừ đàm. Hỗn hợp flavonoid và chất saponaretin, có tác dụng kháng virus, hỗn hợp saponin của bồ kết có tác dụng đối với trùng roi âm đạo","Sách: ĐHY.Dược Học Cổ Truyền (NXB Y Học 2002) - Phạm Xuân Sinh,  trang 238"
H132,Tế tân,Herba Asari sieboldi,Tân,Ôn,Dương,"Kim, Thủy, Hỏa",Thuốc giải biểu cay ấm,"Phế, Thận, Tâm","Công năng: Giải cảm hàn, khử phong giảm đau, khử ứ, chỉ ho
Chủ trị: Cảm mạo phong hàn, đầu đau, mũi tắc, phong thấp đau nhức xương khớp, nhiều đờm, suyễn tức khó thở, viêm khí mạn tính, đờm nhiều mà loãng hoặc hen phế quản.....","Thể âm hư hỏa vượng, ho khan mà không có đờm không  nên dùng","Sách: ĐHY.Dược Học Cổ Truyền (NXB Y Học 2002) - Phạm Xuân Sinh,  trang 175"
H133,Xuyên tiêu,Fructus Zanthoxili,Tân,Ôn (hơi có độc),Dương,"Kim, Thổ, Thủy",Thuốc ôn trung,"Phế, Vị, Thận","Công năng: Ôn trung chỉ thống, khử trùng tiêu ích
Chủ trị: Bụng ngực đau lạnh, đau bụng lỵ, đau bụng do giun",Không dùng xuyên tiêu trong trường hợp bị chứng âm hỏa hư vượng,"Sách: ĐHY.Dược Học Cổ Truyền (NXB Y Học 2002) - Phạm Xuân Sinh,  trang 194"
H134,Thiên ma,Rhizoma Gastrodiae elatae,Tân,Bình,Trung tính (Thiên Dương),Mộc,Thuốc bình can tắt phong,Can,"Công năng: Tắt phong chỉ kinh, trừ phong chỉ thống
Chủ trị: Trúng phong, điên giản, động kinh, uốn ván, toàn thân tê dại, co quắp. Dùng khi cường can dương (can dương thượng cang) dẫn đến đầu căng, đau đầu hoa mắt chóng mặt. Ngoài ra còn dùng chữa đau khớp, đau lưng gối.",,"Sách: ĐHY.Dược Học Cổ Truyền (NXB Y Học 2002) - Phạm Xuân Sinh,  trang 259"
H135,Câu đằng,Ramulus cum uncus Uncariae,Cam,Vi hàn,Âm,"Mộc, Hỏa",Thuốc bình can tắt phong,"Can, Tâm, Tâm bào","Công năng: Làm tắt phong, chỉ kinh, bình can tiềm dương
Chủ trị: Trị can phong nội động, phần dương thịnh dẫn đến các chứng kinh phong, điên giản, co giật, đau đầu, chóng mặt. Dùng khi can dương cường thịnh, biểu hiện cao huyết áp hoa mắt, mất ngủ.","Người không có phong nhiệt và thực nhiệt, không nên dùng. Cần chú ý rằng, thành phần có tác dụng hạ huyết áp sẽ bị phá hủy, nếu khi sắc thuốc, thời gian kéo dài trên 20 phút","Sách: ĐHY.Dược Học Cổ Truyền (NXB Y Học 2002) - Phạm Xuân Sinh,  trang 258"
H136,Ngưu tất,Radix Archairanthis bidentae,"Khổ, toan",Bình,Trung tính (Thiên Âm),"Mộc, Thủy",Thuốc hoạt huyết,"Can, Thận","Công năng: Hoạt huyết thông kinh hoạt lạc, thư gân, mạnh gân cốt, chỉ huyết, lợi niệu, trừ sỏi, giáng áp, giải độc chống viêm
Chủ trị: Kinh nguyệt bế, kinh nguyệt không đều, bệnh đau khớp, đau xương sống, đặc biệt đối với khớp của chân. Các trường hợp hỏa độc bốc lên gây nôn ra máu, chảy máu cam, tiểu tiện đau buốt, tiểu tiện ra sỏi, đục. Dùng trong các bệnh cao huyết áp, do khả năng làm giảm cholesterol trong máu","Người có thai không nên dùng, những người bị mộng hoạt tinh, phụ nữ lượng kinh nguyệt cũng không nên dùng. Nếu dùng với tính chất để khí vị đi xuống hạ tiêu, chữa bệnh các bộ phận phía dưới thì dùng không qua chế biến. Khi sao rượu, trích nước muối hoặc tẩm rượu rồi chưng thì có tác dụng bổ","Sách: ĐHY.Dược Học Cổ Truyền (NXB Y Học 2002) - Phạm Xuân Sinh,  trang 292"
H137,Tang ký sinh,Ramulus Loranthi,Khổ,Bình,Trung tính (Thiên Âm),"Mộc, Thủy",Thuốc khử phong thấp,"Can, Thận","Công năng: Trừ phong thấp, mạnh gân cốt, dưỡng huyết an thai, hạ áp
Chủ trị: Dùng khi chức năng gan thận kém dẫn đến đau lưng mỏi gối. Các trường hợp huyết hư dẫn đến động thai, có thai ra máu, bệnh cao huyết áp",Khi mắt có màng mộng không dùng,"Sách: ĐHY.Dược Học Cổ Truyền (NXB Y Học 2002) - Phạm Xuân Sinh,  trang 320"
H138,Hòe hoa,Flos Sophorae,Khổ,Vi hàn,Âm,"Mộc, Kim",Thuốc chỉ huyết,"Can, Đại trường","Công năng: Lương huyết chỉ huyết, thanh nhiệt bình can, bình can hạ áp, thanh phế, chống viêm
Chủ trị: Các trường hợp huyết nhiệt gây xuất như chảy máu cam, lỵ, trĩ chảy máu, phụ nữ băng huyết, đại tiểu tiện ra máu, can hỏa thượng viêm, đau mắt đỏ, đau đầu. Dùng hoa hòe sao vàng trong bệnh huyết áp cao. Bệnh viêm thanh đới, nói không ra tiếng",Không dùng hoa hòe cho phụ nữ có thai,"Sách: ĐHY.Dược Học Cổ Truyền (NXB Y Học 2002) - Phạm Xuân Sinh,  trang 306"
H139,Chu sa,Cinnabaris,Cam,Hàn (Có độc),Âm,Hỏa,Thuốc trọng trấn an thần,Tâm,"Công năng: Trấn tâm an thần, giải độc
Chủ trị: Tinh thần bất an, tâm thần bất thường, biểu hiện tim đập loạn, mất ngủ, động kinh, điên giản. Tâm hỏa, miệng lưỡi lở, phồng dộp, dùng ngoài trị mụn nhọt, thũng độc","Chú ý: Không nên dùng quá liều để tránh ngộc độc. Chu sa ức chế sự hưng phấn của trung khu thần kinh ở đại não, do đó có tác dụng trấn kinh gây ngủ, chống co giật, kéo dài giấc ngủ của thuốc ngủ barbituric. Chu sa có tác dụng diệt nấm ngoài da và ký sinh trùng","Sách: ĐHY.Dược Học Cổ Truyền (NXB Y Học 2002) - Phạm Xuân Sinh,  trang 263"
H140,Thiên môn đông,Radix Asparagi,"Khổ, cam",Vi hàn,Âm,"Kim, Thủy",Thuốc bổ âm (dưỡng âm),"Phế, Thận","Công năng: Thanh nhiệt hóa đờm, dưỡng âm, thanh phế, dưỡng vị sinh tân, dưỡng tâm âm, nhuộn tràng
Chủ trị: Trị phế âm chức năng bị suy nhược, ho lâu ngày, ho khan, hoặc ho có đờm khó khạc ra. Các trường hợp sau khi ốm dậy, tân dịch hao tổn, miệng khát, cơ thể háo khát, dẫn đến đại tiện bí táo. Bệnh tâm trong trường hợp tâm huyết không đủ, tim đập loạn nhịp, hồi hộp, ngắn hơi, vô lực, lưỡi miệng sinh mụn nhọt, mồ hôi nhiều có thể bổ tâm huyết, an thần","Những người tỳ vị hư hàn, ỉa chảy không nên dùng","Sách: ĐHY.Dược Học Cổ Truyền (NXB Y Học 2002) - Phạm Xuân Sinh,  trang 343"
H141,Bá tử nhân,Semen Thujae orientalis,Cam,Bình,Trung tính (Thiên Dương),"Hỏa, Thổ",Thuốc dưỡng tâm an thần,"Tâm, Vị","Công năng: Dưỡng tâm an thần, nhuận tràng thông đại tiện, giải kinh
Chủ trị: Dùng trong điều trị bệnh tâm hồi hộp, ra nhiều mồ hôi, chứng mất ngủ, chiêm bao hoặc tâm trí hay quên. Các trường hợp táo bón, trĩ, bí kết, đại tiện ra máu, kinh giản hoặc các chứng khóc đêm của trẻ em","Chú ý: Khi dùng sao qua. Lá trắc bách diệp, phơi âm can, sao vàng, dùng chữa các chứng xuất huyết, thổ huyết, viêm khí quản mạn tính, ho gà. Chữa rụng tóc hoặc sẹo không mọc tóc, lấy lá trắc bách diệp tươi, ngâm cồn 60°. Sau 20 ngày, bôi vào chỗ tóc rụng hoặc chưa mọc tóc sẽ mọc trở lại. Ngoài ra trắc bách diệp có tác dụng chỉ ho trừ đàm, ức chế tụ cầu trực khuẩn thương hàn lỵ, đại tràng, liên cầu trùng tan máu","Sách: ĐHY.Dược Học Cổ Truyền (NXB Y Học 2002) - Phạm Xuân Sinh,  trang 265"
H142,Hắc táo nhân (Toan táo nhân),Semen zizuphi jujubae,Toan,Bình,Trung tính (Thiên Âm),"Hỏa, Mộc, Thổ",Thuốc dưỡng tâm an thần,"Tâm, Can, Đởm, Tỳ","Công năng: Tĩnh tâm an thần, bổ can thận, nhuận huyết sinh tân dịch
Chủ trị: Trị âm huyết không đủ, tâm thần bất an thấy tim đập hồi hộp, mất ngủ, chóng mặt, thần kinh suy nhược (do âm dương đều hư)","Những người đang bị sốt, cảm nặng không nên dùng","Sách: ĐHY.Dược Học Cổ Truyền (NXB Y Học 2002) - Phạm Xuân Sinh,  trang 264"
H143,Hoàng kỳ,Radix Astragali,Cam,Ôn,Dương,"Kim, Thổ",Thuốc bổ khí,"Phế, Tỳ","Công năng: Bổ khí trung tiêu, ích huyết, cố biểu, liễm hàn, lợi niệu tiêu phù thũng, giải độc trừ mủ, trừ tiêu khát, sinh tân
Chủ trị: Đối với trạng thái cơ thể suy nhược, chân tay vô lực, yếu hơi, chóng mặt, kém ăn, các bệnh sa giáng tạng phủ, tử cung, lòi dom, lỵ tả lâu ngày, băng lâu của phụ nữ. Bệnh huyết hư, thiếu máu, đặc biệt thiếu máu sau bệnh sốt rét, hoặc sau khi bị mất máu nhiều, ra nhiều mồ hơi, mồ hôi trộm. Dùng khi tỳ hư, vận hóa nước kém, tâm thận dương hư, tay chân, mặt mắt phù thũng, đặc biệt phù bụng do báng bì, đái đường. Các bệnh mụn nhọt ở thời kỳ đầu, nếu mụn đã loét lâu ngày không khỏi, dùng hoàng kỳ tươi, cắt ở đoạn cuối rễ, lấy dịch chảy ra mà bôi vào chỗ sang lở","Chú ý: Khi dùng với tính bổ, hoàng kỳ thường được trích với mật ong. Nước sắc 100% có tác dụng ức chế đối với tụ cầu vàng, trực khuẩn mủ xanh, trực khuẩn lỵ, thương hàn","Sách: ĐHY.Dược Học Cổ Truyền (NXB Y Học 2002) - Phạm Xuân Sinh,  trang 287"
H144,Liên nhục,Semen Nelumbinis,"Cam, sáp",Bình,Trung tính (Thiên Dương),"Hỏa, Thổ, Thủy",Thuốc chỉ tả,"Tâm, Tỳ, Thận","Công năng: Kiện tỳ, chỉ tả, ích thận cố tinh, dưỡng tâm an thần, bổ
Chủ trị: Bệnh tỳ hư dẫn đến tiết tả, lỵ lâu ngày không khỏi, thận hư, băng lậu, bạch đới, đái đục. Tâm hỏa thịnh, tâm phiền táo, hồi hộp mất ngủ, hoa mắt chóng mặt. Ngoài ra còn dùng hạt sen với tác dụng bồi bổ cơ thể tăng cường sức đề kháng, dùng trong các trường hợp mới ốm dậy, sau khi đẻ (hạt sen hầm với gà)","Những người thực nhiệt, đại tiện táo kết không nên dùng liên nhục","Sách: ĐHY.Dược Học Cổ Truyền (NXB Y Học 2002) - Phạm Xuân Sinh,  trang 381"
H145,Hoài sơn,Rhizoma Dioscoreae,Cam,Bình,Trung tính (Thiên Dương),"Kim, Thủy, Thổ",Thuốc bổ khí,"Phế, Thận, Tỳ, Vị","Công năng: Kiện tỳ, chỉ tả, bổ phế, ích thận, cố tinh, giải độc, trị bệnh sưng vú, đau đớn
Chủ trị: Trường hợp tỳ vị hư nhược, ăn uống kém, ỉa chảy. Trẻ con bị da vàng, bụng ỏng phối hợp với bạch truật. Khí phế hư nhược, hơi thở ngắn, người mệt mỏi, ngoài ra còn có tác dụng chỉ ho, thận hư, dần đến mộng tinh, di tinh, tiểu tiện không cầm được, phụ nữ bạch đới. Ngoài ra còn dùng trong bệnh tiêu khát (bệnh đái đường)",Những người có thực tả thấp nhiệt thì không dùng,"Sách: ĐHY.Dược Học Cổ Truyền (NXB Y Học 2002) - Phạm Xuân Sinh,  trang 286"
H146,Sơn thù du,Fructus Corni,"Toan, sáp",Vi ôn,Dương,"Mộc, Thủy",Thuốc cố tinh sáp niệu,"Can, Thận","Công năng: Ích thận cố tinh, cố biểu liễm hãm, cố tinh chỉ huyết
Chủ trị: Dùng khi thận hư, liệt dương, di tinh, tai ù, tai điếc, tiểu nhiều đau lưng, đau gối. Ốm dậy biểu hư, ra nhiều mồ hôi, phụ nữ thể hư, tiểu cầu giảm, kinh nguyệt nhiều","Những trường hợp thấp nhiệt, tiểu tiện không lợi thì không dùng","Sách: ĐHY.Dược Học Cổ Truyền (NXB Y Học 2002) - Phạm Xuân Sinh,  trang 378"
H147,Ô dược,Radix Linderae,Tân,Ôn,Dương,"Kim, Thủy, Thổ",Thuốc hành khí giải uất,"Phế, Thận, Tỳ, Bàng quang","Công năng: Hành khí chỉ thống, kiện vị tiêu thực
Chủ trị: Dùng khi hàn ngưng khí trệ, bụng trướng đau, đầy bụng, bụng dưới đau do bàng quang lạnh. Khí vị hàn, ăn uống không đều, sôi bụng, nuốt chua, buồn nôn, có thể phối hợp với hương phụ","Khí hư, nội nhiệt không dùng","Sách: ĐHY.Dược Học Cổ Truyền (NXB Y Học 2002) - Phạm Xuân Sinh,  trang 278"
H148,Huyền hồ (Huyền hồ sách),Corydalis ambigua,"Tân, vi khổ",Ôn,Dương,"Kim, Mộc, Thổ",Thuốc chữa bệnh phụ nữ,"Phế, Can, Tỳ","Có tính chất hoạt huyết, tán ứ, lợi khí, giảm đau. Dùng trong những trường hợp đau bụng, khí hư, ngày dùng 6-12g dưới dạng thuốc sắc hay thuốc bột, thuốc viên",,"sách những cây thuốc và vị thuốc việt nam trang 70
Link: https://up.nhuttruong.com/file/nhuttruongcom/sach02/TBooks%20-%20Ebook%20Nhung%20cay%20thuoc%20-%20GS.TS.%20Do%20Tat%20Loi%20911132.pdf"
H149,Đào nhân,Semen Persicae,"Khổ, cam",Bình,Trung tính,"Mộc, Thủy",Thuốc hoạt huyết,"Can, Thận","Công năng: Hoạt huyết khứ ứ, nhuận tràng thông đại tiện, giảm đau, chống viêm
Chủ trị: Dùng chữa các bệnh kinh nguyệt không đều, đau bụng khi có kinh, hoặc sau khi đẻ bị ứ huyết, gây đau bụng. Các trường hợp tân dịch khô ráo mà dẫn đến đại tiện bí kết thường phối hợp với sinh địa. Trường hợp cơ nhục bị viêm tấy, đau đỏ, chân tay đau nhức tê dại. Sau khi đẻ âm hộ sưng đau.","Chú ý: Những người không có ứ trệ, tích huyết, đại tiện lỏng không nên dùng, ngoài việc dùng đào nhân, còn dùng hoa đào để thông tiểu tiện. Lá đào có tác dụng sát khuẩn, diệt trùng roi âm đạo. Lá đào giã nát, pha nước lã, gạn lấy nước trong, tắm hết rôm sẩy mùa hè","Sách: ĐHY.Dược Học Cổ Truyền (NXB Y Học 2002) - Phạm Xuân Sinh,  trang 293"
H150,Hồng hoa,Flos Carthami,Tân,Ôn,Dương,"Hỏa, Mộc",Thuốc hoạt huyết,"Tâm, Can","Công năng: Hoạt huyết thông kinh, ứ huyết, giải độc, nhuộn tràng thông tiện
Chủ trị: Bệnh bế kinh, kinh nguyệt không đều, có kinh đau bụng, huyết ứ thành hòn cục, còn dùng cho trường hợp sau khi đẻ máu bị ứ đọng, bụng trướng đau, còn dùng khi bị thương chấn sưng đau do huyết ứ. Trường hợp sưng đau, thai chết lưu trong bụng, có thể phối hợp với quế chi để đẩy thai chết lưu. Dùng hạt của hồng hoa để làm thuốc nhuộn hạ trong trường hợp táo bón, khi dùng thường sao qua","Chú ý: Khi dùng hồng hoa với liều nhỏ, có tác dụng dưỡng huyết, hoạt huyết, liều lớn có tác dụng phá huyết, khứ huyết ứ. Người có thai không nên dùng hồng hoa. Liều nhỏ làm tăng sự co bóp của tử cung và co bóp có quy luật, liều lớn làm cho tử cung bị hưng phấn cao độ, co bóp mạnh, sức co bóp tăng lên đột ngột. Mặc dù động vật thí nghiệm có thai hay không có thai, đều có tác dụng tăng co bóp tử cung. Nước sắc hồng hoa có tác dụng hạ huyết áp","Sách: ĐHY.Dược Học Cổ Truyền (NXB Y Học 2002) - Phạm Xuân Sinh,  trang 299"
H151,Trắc bách diệp,Thuja orientalis,"Khổ, chát",Vi hàn,Âm,"Kim, Mộc",Thuốc cầm máu,"Phế, Can, Đại trường","Có tác dụng lương huyết, cầm máu, thanh huyết phận thấp nhiệt","Chữa thổ huyết, máu cam, lỵ ra máu, không thấp nhiệt cấm dùng","sách những cây thuốc và vị thuốc việt nam trang 287
Link: https://up.nhuttruong.com/file/nhuttruongcom/sach02/TBooks%20-%20Ebook%20Nhung%20cay%20thuoc%20-%20GS.TS.%20Do%20Tat%20Loi%20911132.pdf"
H152,Phục long can (Hoàng thổ),Loại đát sét vàng,Cam,"Bình, vi lương",Trung tính,,,,"Công năng: ôn trung tiêu, kiện tỳ, trị hoắc loạn, lỵ",,"Sách: ĐHY.Dược Học Cổ Truyền (NXB Y Học 2002) - Phạm Xuân Sinh,  trang 415"
H153,Biển súc (Rau đắng),Polygonum aviculare,Khổ,Bình,Trung tính (Thiên Âm),"Thổ, Thủy","Thuốc thông tiểu tiện và chữa bệnh về gan, mật","Vị, Bàng quang","Có tác dụng lợi tiểu, thông lâm, sát trùng, dùng trong những trường hợp thấp nhiệt, lâm bệnh, vưu trùng, ác thương",,"sách những cây thuốc và vị thuốc việt nam trang 271
Link: https://up.nhuttruong.com/file/nhuttruongcom/sach02/TBooks%20-%20Ebook%20Nhung%20cay%20thuoc%20-%20GS.TS.%20Do%20Tat%20Loi%20911132.pdf"
H154,Hoạt thạch,Talcum,Cam,Hàn,Âm,"Thổ, Thủy",Thuốc nguồn gốc khoáng vật,"Vị, Bàng quang","Đông y: dùng làm thuốc uống trong chữa bệnh sốt, tả, lỵ, lợi tiểu tiện, sốt khát nước, viêm ruột, lỵ, da vàng (hoàng đản) tiểu tiện ra máu, viêm niệu đạo hay do có sỏi bàng quang mà tiểu tiện đau buốt","Những người âm hư không thấp nhiệt, tỳ hư hạ hãm, phụ nữ có thai không dùng được","sách những cây thuốc và vị thuốc việt nam trang 1040
Link: https://up.nhuttruong.com/file/nhuttruongcom/sach02/TBooks%20-%20Ebook%20Nhung%20cay%20thuoc%20-%20GS.TS.%20Do%20Tat%20Loi%20911132.pdf"
H155,Ích trí nhân,Alpinia oxyphylla Miq,Tân,Ôn,Dương,,Thuộc chữa bệnh ở bộ máy tiêu hóa,,"Có tác dụng làm ấm thận, vị. Dùng làm thuốc chữa đái dầm, di mộng tinh, bổ dạ dày",,"sách những cây thuốc và vị thuốc việt nam trang 405
Link: https://up.nhuttruong.com/file/nhuttruongcom/sach02/TBooks%20-%20Ebook%20Nhung%20cay%20thuoc%20-%20GS.TS.%20Do%20Tat%20Loi%20911132.pdf"
H156,Thạch xương bồ,Rhizoma Acori,Tân,Ôn,Dương,"Hỏa, Thổ, Mộc",Thuốc phương hương khai khiếu,"Tâm, Tỳ, Can, Kiện","Công năng: Khai khiếu tinh thần, thông phế khí, trừ ho, hóa đờm, bình suyễn, hành khí giảm đau, kiện vị, ninh tâm, an thần, cố thận,
Chủ trị: Dùng khi thần chí bị hôn mê đàm dãi nút lại cổ họng, trúng phong cấm khẩu, trúng khử (say nắng). Các trường hợp ho hen, viêm phế quản mạn tính, cảm lạnh, bụng đau, đầy trướng. Chữa đau dạ dày, viêm loét tá tràng, dùng xương bồ dưới dạng bột hoặc dưới dạng thuốc sắc, phối hợp với bạch truật, cam thảo. Ngoài ra còn dùng dưới hình thức thuốc khai vị, kích thích tiêu hóa, đồng thời trừ được những cảm giác nôn lợm. Trường hợp tâm quý (tâm đập nhanh, loạn nhíp), tâm hồi hộp, mất ngủ, buồn phiền. Làm thận khí khai thông ra tai, dùng trong trường hợp thận khí kém, dẫn đến ù tai, tai điếc","Những người huyết hư ra nhiều mồ hôi, hoạt tinh không nên dùng","Sách: ĐHY.Dược Học Cổ Truyền (NXB Y Học 2002) - Phạm Xuân Sinh,  trang 270"
H157,Thương truật,Rhizoma Atractylodis lanceae,"Tân, khổ",Ôn,Dương,Thổ,Thuốc hóa thấp,"Tỳ, Vị","Công nặng: Hóa thấp kiện tỳ, trừ phong thấp
Chủ trị: Trị thấp khuẩn tỳ vị, bụng trướng đầy, buồn nôn, ăn uống không tiêu. Các trường hợp phong thấp, tê dại xương cốt đau nhức, đau khớp","Những người âm hư có nhiệt, tân dịch khô kiệt, tiện bí, nhiều mồ hôi không nen dùng. Qua sử dụng lâm sàng, người ta thấy rằng thương truật sống thì tác dụng táo thấp, thương truật sao, tính táo yếu đi. Vì thế những người thấp nhẹ dùng thương truật sao vàng, trước đó có thể rửa nước lã, ngâm nước gạo, thái phiến","Sách: ĐHY.Dược Học Cổ Truyền (NXB Y Học 2002) - Phạm Xuân Sinh,  trang 332"
H158,Tần giao,Radix Gentianae,"Tân, khổ",Vi hàn,Âm,"Mộc, Thổ, Kim",Thuốc khử phong thấp,"Can, Vị, Đởm, Đại trường","Công năng: Khử phong thấp, thanh hư nhiệt, trừ phiền
Chủ trị: Chỉ thống, dùng trong các bệnh phong do thấp nhiệt dẫn đến biểu hiện có sốt và đau nhức cơ nhục, xương khớp. Cơ thể mắc chứng âm hư sinh nội nhiệt, trào nhiệt đau nóng âm ỉ trong xương, đau đầu, hoặc bệnh hàn nhiệt vãng lai","Vị thuốc có tính hàn, dùng lâu dễ tổn thương tỳ vị, gây đi ngoài lỏng, cũng cần chú ý phân biệt với cây tần cửu (thanh tháo Justicia gendarussa L họ Acanthaceae), cây này cũng được dùng cành và lá để thanh nhiệt độc trong cơ thể, hoặc chữa đau cơ, đau xương","Sách: ĐHY.Dược Học Cổ Truyền (NXB Y Học 2002) - Phạm Xuân Sinh,  trang 327
meridian_main: https://duocdienvietnam.com/tan-giao-re/"
H159,Khương hoàng,Rhizoma Curcumae longae,"Khổ, tân, cam",Hàn,Âm,"Hỏa, Kim, Mộc",Thuốc phá huyết,"Tâm, Phế, Can","Công năng: Phá huyết, hành huyết, giải uất thông kinh, tiêu thực, tiêu đàm, lợi mật, lợi tiểu, giải độc giảm đau
Chủ trị: Kinh nguyệt bế tắc, huyết ứ sau sinh, huyết ứ gây chóng mặt hoa mắt đau đầu, đau nhói vùng tim do huyết tích, tiêu hoá bất chấn, ăn uống kém, bụng đầy trướng, đàm gây động kinh, đau dạ dày, viêm gan vàng da, mật bài tiết khó, tiểu buốt dắt, đái ra máu, mụn nhọt sưng lở, bong gân, đau cơ","Chú ý: Có tác dụng kích thích bài tiết của tế bào gan, gây co bóp túi mật, làm tăng bài tiết mật, giảm cholesterol trong máu, có tác dụng chống viêm, giảm đau, kéo dài thời gian đông máu, tinh dầu và dịch chiết có tác dụng ức chế vi khuẩn và nấm ngoài da","Sách: ĐHY.Dược Học Cổ Truyền (NXB Y Học 2002) - Phạm Xuân Sinh,  trang 300"
H160,Ý dĩ,Semen Coixis,"Cam, đạm",Vi hàn,Âm,"Thổ, Kim, Mộc",Thuốc lợi thấp,"Tỳ, Vị, Phế, Can, Đại trường","Công năng: Lợi thủy, kiện tỳ hóa thấp, trừ phong thấp, đau nhức, thanh nhiệt độc, trừ mủ, thư gân giải kinh, giải độc tiêu viêm
Chủ trị: Trị các bệnh phù phũng, tiểu tiện khó khăn, đái buốt (dùng hạt, hoặc cây, lá, rễ, sắc uống), bệnh tỳ hư, tiêu hóa kém, tiết tả. Chứng phế mủ (áp xe phổi), chân tay bị co quắp, viêm ruột thừa","Chú ý: Dùng với tính chất lợi thấp, lợi thủy thì sao hoặc không sao. Khi dùng với tính chất kiện tỳ thì sao vàng. Nhân ý dĩ có tác dụng ức chế tế bào ung thư, rễ ý dĩ có tác dụng trừ giun, lợi tiểu. Dùng ý dĩ sống có tác dụng lợi thấp nhiệt, sao vàng hoặc sao với nước gừng thì ôn bổ phế tỳ. Những người đại tiện táo kết hoặc phụ nữ có thai không nên dùng. Rễ ý dĩ còn có tác dụng hạ đường huyết","Sách: ĐHY.Dược Học Cổ Truyền (NXB Y Học 2002) - Phạm Xuân Sinh,  trang 335"
H161,Thổ phục linh,Smilax glabra Roxb,"Cam, đạm",Bình,Trung tính (Thiên Dương),"Mộc, Thổ","Thuốc chữa tê thấp, đau nhức","Can, Vị","Có tác dụng khử phong thấp, lợi gân cốt, giải độc do thủy ngân. Chữa đau xương, ác sang ung thũng",,"sách những cây thuốc và vị thuốc việt nam trang 498
Link: https://up.nhuttruong.com/file/nhuttruongcom/sach02/TBooks%20-%20Ebook%20Nhung%20cay%20thuoc%20-%20GS.TS.%20Do%20Tat%20Loi%20911132.pdf"
H162,Sơn tra,Fructus Mali Doumeri,"Cam, toan",Vi ôn,Dương,"Thổ, Mộc",Thuốc tiêu đạo (thuốc tiêu hóa),"Tỳ, Vị, Can","Công năng: Tiêu thực hóa tích, khứ ứ thông kinh, bình can hạ áp, bổ khí
Chủ trị: Dùng khi thức ăn là thịt bị tích trệ bụng đầy trướng, ứ trệ, kinh bế lâu ngày, sau khi đẻ ứ huyết, đau bụng, trong ruột bị ứ tích đi lỵ ra máu mủ. Bệnh cao huyết áp, co thắt động mạch vành, tim quặn, tim đập nhanh. Dùng sơn tra để tăng sức đề kháng của cơ thể, dùng trong trường hợp khí hư, người mệt mỏi","Những người tỳ vị hư nhược, không có tích trệ không nên dùng","Sách: ĐHY.Dược Học Cổ Truyền (NXB Y Học 2002) - Phạm Xuân Sinh,  trang 357"
H163,Thần khúc,Massa medicata fermentata,"Tân, cam",Ôn,Dương,Thổ,Thuộc chữa bệnh ở bộ máy tiêu hóa,"Tỳ, Vị","Có tác dụng tiêu thực, hành khí, kiện tỳ, dưỡng vị, dùng chữa các bệnh cảm mạo trong bốn mùa, cảm lạnh, cảm nắng, ăn uống không tiêu, miệng nôn, ỉa lỏng, lỵ, làm lợi sữa",,"sách những cây thuốc và vị thuốc việt nam trang 358
Link: https://up.nhuttruong.com/file/nhuttruongcom/sach02/TBooks%20-%20Ebook%20Nhung%20cay%20thuoc%20-%20GS.TS.%20Do%20Tat%20Loi%20911132.pdf"
H164,Mẫu lệ,Concha Ostreae,"Hàm, chát",Vi hàn,Âm,"Mộc, Thổ, Thủy",Thuốc bình can tắt phong,"Can, Vị, Đởm, Thận","Công năng: Bình can tiềm dương, sáp tinh, làm ngừng ra mồ hôi, làm mềm các khối rắn (nhuyễn kiên), tán kết khối, hòn cục, giảm tiết dịch vị
Chủ trị: Trị can dương thịnh thấy chóng mặt, đau đầu, mắt hoa, mất ngủ lúc sốt, lúc nóng. Trị bệnh di tinh ra mồ hôi trộm, hoặc nhiều mồ hôi, tràng nhạc (loa lịch), dịch vị bài tiết quá nhiều gây đau loét dạ dày, ợ chua","Chú ý: Với tính chất làm mềm khối rắn dùng vị thuốc dưới dạng sống, còn dùng để trị mồ hôi quá nhiều hoặc giảm tiết dịch vị trong bệnh loét dạ dày thì dùng dạng nung","Sách: ĐHY.Dược Học Cổ Truyền (NXB Y Học 2002) - Phạm Xuân Sinh,  trang 256"
H165,Khiếm thực,Fructus Eurylaes,"Cam, sáp",Bình,Trung tính (Thiên Dương),"Thổ, Thủy",Thuốc chỉ tả,"Tỳ, Thận","Công năng: Kiện tỳ, chỉ tả, ích thận, cố tính, trừ thấp nhiệt, làm ngừng ra mồ hôi
Chủ trị: Dùng đối với trẻ em tỳ hư, tiêu hóa không tốt, ỉa chảy không ngừng. Các trường hợp thận hư dẫn đến di tinh, mộng linh, hoạt tinh, tiểu tiện không cầm lại được",Những người đại tiện bí kết không nên dùng khiếm thực,"Sách: ĐHY.Dược Học Cổ Truyền (NXB Y Học 2002) - Phạm Xuân Sinh,  trang 379"
H166,Kim anh tử,Fructus Rosae laevigatae,"Toan, sáp",Bình,Trung tính (Thiên Âm),"Kim, Thủy, Thổ",Thuốc cố tinh sáp niệu,"Phế, Thận, Tỳ","Công năng: Cố thận sáp tinh, cố thận, điều tiết lượng nước tiểu, sáp trường chỉ tả
Chủ trị: Dùng đối với bệnh thận hư, di tinh, hoạt tinh, xích bạch đới, sa tử cung, mồ hôi nhiều, mồ hôi trộm. Bệnh do thận hư đái xón, đái dầm, đặc biệt đối với trẻ con. Dùng khi bệnh ỉa chảy không cầm, lỵ","Những người có thấp nhiệt, tiểu tiện bí, không nên dùng.
Chú ý: Khi dùng bỏ hết hạt trong quả. Dịch chiết nước 5% và chiết cồn của kim anh có tác dụng độc nhẹ trên chuột thí nghiệm","Sách: ĐHY.Dược Học Cổ Truyền (NXB Y Học 2002) - Phạm Xuân Sinh,  trang 374"
H167,Tang phiêu tiêu,Vagina ovorum Mantidis,"Cam, hàm",Bình,Trung tính,"Mộc, Thủy",Thuốc cố tinh sáp niệu,"Can, Thận","Công năng: Ích thận cố tinh, lợi thủy, thông tiểu thiện, thông ngũ lâm, thông kinh hoạt lạc.
Chủ trị: Dùng đối với bệnh thận hư, di tinh tiết tinh sơm, liệt dương. Sáp niệu dùng trong bệnh đái dầm, đái xón. Dùng tốt đối với các bệnh tiểu tiện ra sỏi, tiểu tiện đục. Phụ nữ huyết bế, đau lưng, ngoài ra còn có tác dụng ích tinh, dùng trong trường hợp vô sinh","Những người âm hư hỏa vượng, thấp nhiệt bàng quang, tiểu tiện ngắn đỏ không dùng
Chú ý: khi dùng có thể hơ vàng trên củi thân cây liễu, với lượng lớn cần đem chưng một giờ để diệt trứng, tiện cho việc bảo quản","Sách: ĐHY.Dược Học Cổ Truyền (NXB Y Học 2002) - Phạm Xuân Sinh,  trang 375"
H168,Quy bản,Carapax Testudinis,"Cam, hàm",Bình,Trung tính,"Mộc, Thủy, Hỏa, Thổ",Thuốc bổ âm (dưỡng âm),"Can, Thận, Tâm, Tỳ","Công năng: Tư âm tiềm dương, giáng hỏa, sinh tân dịch, ích khí, cố tinh chỉ huyết, sát khuẩn
Chủ trị: Trị thận kém mà sinh ho lâu ngày, sốt nóng ầm ỉ trong xương. Còn dùng để bổ xương cốt, ra mồ hôi trộm, di tinh lưng cốt đau mỏi. Các trương hợp tân dịch hao tổn, dung bổ sau khi ốm dậy, trị các bệnh âm hư huyết nhiệt dẫn đến bệnh tăng đường huyết, sốt rét lâu ngày không khỏi, trị lỵ, kinh niên. Ngoài ra còn dùng với các bệnh trĩ","Những người âm hư không có nhiệt, phụ nữ có thai không nên dùng, khi dùng có thể trích giấm, rượu hoặc mỡ lợn","Sách: ĐHY.Dược Học Cổ Truyền (NXB Y Học 2002) - Phạm Xuân Sinh,  trang 347"
H169,Kha tử,Fructus Terminaliae chebulae,"Khổ, toan, sáp",Bình,Trung tính (Thiên Âm),Kim,Thuốc chữa đi lỏng - đau bụng,"Phế, Đại trường","Sáp trường chỉ tả, liễm phế, giáng hỏa lợi hầu họng. Chù trị: Tả lỵ lâu ngày, đại tiện ra máu, lòi dom; hen suyễn khó thờ, ho lâu ngày không khỏi; đau bụng.",,"https://duocdienvietnam.com/kha-tu/
category_vi: sách những cây thuốc và vị thuốc việt nam trang 427
Link: https://up.nhuttruong.com/file/nhuttruongcom/sach02/TBooks%20-%20Ebook%20Nhung%20cay%20thuoc%20-%20GS.TS.%20Do%20Tat%20Loi%20911132.pdf"
H170,Mang tiêu,Mirabilita,"Tân, khổ, hàm",Đại hàn,Âm,"Thổ, Kim",Thuốc tả hạ có tính hàn,"Vị, Đại trường, Tam tiêu","Công năng: Thanh tràng thông tiện, hạ hỏa, giải độc
Chủ trị: Dùng khi vị tràng thực nhiệt đại tràng bí kết, đau mắt đỏ, miệng lở loét","Phụ nữ có thai không nên dùng.
Chú ý: Để có mang tiêu có thể dùng được, ta đem mang tiêu thiên nhiên (vẫn còn nhiều tạp chất vô cơ, hữu cơ mới đào được ở mỏ về, dùng nước đun sôi của củ cải mà hòa tan, vừa đun, vừa khuấy, sau khi tan hết, lọc loại bỏ đất cát, mùn, dịch nước cho vào thạp sành để yên vài ngày sẽ kết tinh natri sulfat). Có thể đem kết tinh lại cùng theo cách trên để được sản phẩm tinh khiết","Sách: ĐHY.Dược Học Cổ Truyền (NXB Y Học 2002) - Phạm Xuân Sinh,  trang 362"
H171,Chút chít,,Khổ,Hàn,Âm,Thổ,Thuốc nhuận hạ,"Tỳ, Vị","Công năng: Nhuộn tràng thông tiện, nhuận gan lợi mật, cầm máu bên trong, sát trùng
Chủ trị: Các trường hợp đại tiện bí kết, ăn uống không tiêu, thức ăn bị lưu tích trong bụng, bệnh vàng da, chảy máu bên trong như chảy máu dạ dày, ruột. Trường hợp dị ứng gây xuất huyết, dùng toàn cây sắc uống. Trị lở ngứa, mụn nhọt, có thể sắc lấy nước rửa vào chỗ bị ngứa, mụn nhọt. Có thể lấy rễ phối hợp với bạch phàn, giã nát, thêm giấm, trộn đều đắp chỗ ngứa. Chửa hắc lào, lấy lá chút chít rửa sạch, mặt khác rửa sạch chõ bị hắc lào, sau dó vò nát lá chút chít mà xát vào","Chú ý: Có tác dụng làm tăng nhu động ruột, rút ngắn thời gian đông máu, làm tăng tiểu cầu, có tác dụng cầm máu đối với nhiều dạng chảy máu, có tác dụng kháng khuẩn đối với vi khuẩn đường ruột, dịch chiết lá có tác dụng cầm máu và hỗ trợ chữa tổn thương dạ dày và ruột","Sách: ĐHY.Dược Học Cổ Truyền (NXB Y Học 2002) - Phạm Xuân Sinh,  trang 368"
H172,Muống trâu (Lá),Folium Senna alatae,Tân,Ôn,Dương,"Mộc, Kim",Thuốc nhuận tràng và tẩy,"Can, Đại trường","Nhuận tràng, lợi gan mật, tiêu độc, tiêu viêm, sát trùng, chỉ ngứa. Chủ trị: Táo bón (dùng sống), viêm gan, da vàng (dùng dược liệu đã sao khô). Dùng ngoài chữa hắc lào, viêm da thần kinh, ngứa lở.",Phụ nữ có thai không nên dùng,"https://duocdienvietnam.com/muong-trau-la/
category_vi: sách những cây thuốc và vị thuốc việt nam trang 460
Link: https://up.nhuttruong.com/file/nhuttruongcom/sach02/TBooks%20-%20Ebook%20Nhung%20cay%20thuoc%20-%20GS.TS.%20Do%20Tat%20Loi%20911132.pdf"
H173,Tử hà sa,Plasenta Hominis,"Cam, hàm",Ôn,Dương,"Mộc, Thủy",Thuốc bổ huyết,"Can, Thận","Công năng: Bổ khí, dưỡng huyết, ích thận, cố tinh, bổ phế
Chủ trị: Dùng trong các trường hợp thiếu máu, cơ thể suy nhược, gầy yếu, mất ngủ, hay quên, công năng của não suy giảm. Bệnh do tinh ở thận hao tổn, các chứng di tinh, liệt dương, không có khả năng sinh dục, phụ nữ kinh nguyệt không đều, các chứng bệnh của tử cung, sau khi đẻ thiếu sữa, bệnh lao phổi, bệnh hen suyễn","Những người có thực tà thì không dùng. 
Chú ý: Thuốc có tác dụng làm cho trứng phát dục, tuyến vú phát tiết, tăng cường sức đề kháng của cơ thể","Sách: ĐHY.Dược Học Cổ Truyền (NXB Y Học 2002) - Phạm Xuân Sinh,  trang 316"
H174,Câu kỷ tử,Fructus Lycii,"Cam, vi khổ",Bình,Trung tính,"Kim, Thủy, Mộc, Thổ",Thuốc bổ âm (dưỡng âm),"Phế, Thận, Can, Tỳ","Công năng: Bổ thận dưỡng huyết sáng mắt, sinh tân chỉ khát, ích khí huyết
Chủ trị: Điều trị can thận âm hư và huyết hư, dẫn đến lưng đau gối mỏi, tai ù, chóng mặt, mắt mờ. Trị bệnh tiêu khát (đái đường) di tinh hoạt mộng tinh, liệt dương, lao, bệnh ho khan. Người già khí hư, huyết kém","Những người tỳ vị hư hàn, ỉa chảy không dùng, khi dùng cần trích với nước cam thảo. Chú ý: câu kỷ tử có tác dụng hạ đường huyết","Sách: ĐHY.Dược Học Cổ Truyền (NXB Y Học 2002) - Phạm Xuân Sinh,  trang 345"
H175,Trư linh,Polyporus,"Cam, đạm",Bình,Trung tính (Thiên Dương),Thủy,,"Thận, Bàng quang","Công năng: Lợi tiểu, táo thấp
Chủ trị: Sưng phù, tiểu khó, tiểu đục.","Người bệnh đau thận, phụ nữ có thai phải cẩn thận khi dùng.",https://duocdienvietnam.com/tru-linh/
H176,Đại phúc bì,Pericarpium Arecae,Tân,Vi ôn,Dương,"Thổ, Kim, Hỏa",Thuốc hỏa thấp,"Tỳ, Vị, Đại trường, Tiểu trường","Công năng: Hóa thấp, hạ khí khoan trung, lợi niệu tiêu phù
Chủ trị: Dùng khi thấp trở vị tràng, dẫn đến đau bụng đầy trướng hoặc chữa nôn lợm, đau bụng. Bụng báng (nước), tiểu tiện không thông","Những người thể hư khí nhược dùng phải thận trọng
Chú ý: Alcaloid areconin chứa trong hạt cây cau gây tiết nước bọt, làm cho nhỏ đồng tử, làm tim đập chậm, có tác dụng độc với sán, tê hại các cơ của sán","Sách: ĐHY.Dược Học Cổ Truyền (NXB Y Học 2002) - Phạm Xuân Sinh,  trang 331"
H177,Hà diệp,Folium Nelumbilis,Khổ,Bình,Trung tính (Thiên Âm),"Mộc, Thổ",Thuốc thanh nhiệt giải thử,"Can, Tỳ, Vị","Công năng: Thanh nhiệt giải thử, khứ ứ chỉ huyết
Chủ trị: Dùng khi cảm thụ bởi thử nhiệt gây ra đau đầu, đau răng, miệng khô, họng khát, tiểu tiện ngắn đỏ. Các chứng xuất huyết",Chú ý: Khi dùng để chỉ huyết lá sen cần sao cháy,"Sách: ĐHY.Dược Học Cổ Truyền (NXB Y Học 2002) - Phạm Xuân Sinh,  trang 199"
H178,Can khương (Gừng khô),,Tân,Ôn,Dương,"Hỏa, Kim, Thổ",Thuốc ôn trung,"Tâm, Phế, Tỳ, Vị","Công năng: Ôn trung, hồi dương, ôn trung chỉ tả, ấm vị chỉ nôn, ấm kinh chỉ huyết, ôn phế chỉ khái
Chủ trị: Dùng khi tỳ vị hư nhược, chân tay quyết lạnh, hàn gây tiết tà bụng sỏi, phân nát lỏng, hàn tả phạm vị gây nôn ra nước đái. Các trường hợp xuất huyết (thổ huyết, băng huyết, tiện huyết) do tính hư hàn, khi hàn ấm phế, gây ho, khí, suyễn",Âm hư có nhiệt không dùng. Phụ nữ có thai dùng thận trọng,"Sách: ĐHY.Dược Học Cổ Truyền (NXB Y Học 2002) - Phạm Xuân Sinh,  trang 193"
H179,Nhục quế,Cortex Cinnamomi,"Tân, cam",Đại nhiệt (ít độc),Dương,"Mộc, Thủy, Thổ",Thuốc hồi dương cứu nghịch,"Can, Thận, Tỳ","Công năng: Hồi dương, khứ hàn giảm đau, thông kinh hoạt lạc, ấm thận hành thủy
Chủ trị: Các trường hợp thận dương hư nhược, chân tay lạnh giá, co quắp. Bệnh đau bụng dữ dội do hàn nhập lý, tiết tả, nôn mửa, tỳ vị hư nhược, sôi bụng, lạnh bụng, đại tiện lỏng lâu ngày không khỏi. Trường hợp dương khí hư nhược, phù thũng tiểu tiện khó khăn, đặc biệt phù nặng ở chân","Phụ nữ có thai, những người âm hư dương thịnh, không được dùng, Dùng lâu, liều cao, thường dẫn đến nhức đầu táo bón","Sách: ĐHY.Dược Học Cổ Truyền (NXB Y Học 2002) - Phạm Xuân Sinh,  trang 197"
H180,Tang bạch bì,Cortex Mori radicis,Cam,Hàn,Âm,Kim,Thuốc thanh phế chỉ khái,Phế,"Công năng: Thanh phế, chỉ khái, lợi niệu, tiêu phù
Chủ trị: Trị ho phế nhiệt, đàm nhiệt, bình suyễn, ho có sốt, miệng khát, thũy thũng, tiểu tiện khó khăn (dùng trong bài ngũ bì ẩm)",Nếu ho do phế hàn thì không nên dùng,"Sách: ĐHY.Dược Học Cổ Truyền (NXB Y Học 2002) - Phạm Xuân Sinh,  trang 249"
H181,Bạch tiền (Bạch tiễn bì),,,,,,,,,,
H182,An tức hương,Benzoinum,"Tân, khổ",Bình,Trung tính,"Hỏa, Thổ",Thuốc phương hương khai khiếu,"Tâm, Tỳ","Công năng: khai khiếu tinh thần, hành khí giảm đau
Chủ trị: Khi bị trúng phong thần chí bất tỉnh, đàm dãi tắc nghẽn ở cổ, khí trệ, đau tim đau bụng",Những người âm hư hỏa vượng không dùng,"Sách: ĐHY.Dược Học Cổ Truyền (NXB Y Học 2002) - Phạm Xuân Sinh,  trang 273"
H183,Cố mạch (Mạch ba góc),Fagopyrum esculentum,,,,,Thuốc hạ huyết áp,,"Hiện nay, mới trồng để làm thức ăn cho gia súc và người. Một số nơi dùng lá nấu canh ăn cho sáng mắt, thính tai",,"sách những cây thuốc và vị thuốc việt nam trang 300
Link: https://up.nhuttruong.com/file/nhuttruongcom/sach02/TBooks%20-%20Ebook%20Nhung%20cay%20thuoc%20-%20GS.TS.%20Do%20Tat%20Loi%20911132.pdf"
H184,Tử tô tử,Fructus Perillae frutescensis,Tân,Ôn,Dương,Kim,,Phế,"Công năng: Giáng khí, tiêu đờm, bình suyễn, nhuận trưởng.
Chủ trị: Đờm suyễn, ho khí nghịch, táo bón.",,https://duocdienvietnam.com/tia-to-qua/
H185,Bạch hoa xà thiệt thảo,Herba Oldenlandiae,"Cam, đạm",Lương,Âm,,Thuốc thanh nhiệt giải độc,,"Công năng: Thanh nhiệt giải độc, trừ mụn nhọt, thanh phế chỉ khái, lợi niệu thông lâm, khứ ử sưng thủng
Chủ trị: Mụn nhọt sưng đau, viêm ruột thừa cấp tính,ho và đau bụng, các trường hợp chấn thương sưng tẩy",Chú ý: Vị thuốc có tác dụng ức chế một số nấm ngoài da,"Sách: ĐHY.Dược Học Cổ Truyền (NXB Y Học 2002) - Phạm Xuân Sinh,  trang 207"
H186,Bạch quả,Semen Ginkgo,"Cam, khổ, sáp",Bình (có độc),Trung tính,"Kim, Thổ",Thuốc bình suyễn,"Phế, Vị","Công năng: Bình suyễn hóa đàm, thu sáp chỉ đới
Chủ trị: Trị hen suyễn, ho, dùng trong các bệnh khí hư bạch đới của phụ nữ hoặc khi bị tiểu đục, tiểu nhiều, đái dầm","Chú ý: Bạch quả có tác dụng ức chế sinh trưởng của trực khuẩn lao, hoạt chất có tác dụng là acid, nước sắc bạch quả ức chế một số nấm ngoài da. Bạch quả sống có độc cần phải qua chế biến","Sách: ĐHY.Dược Học Cổ Truyền (NXB Y Học 2002) - Phạm Xuân Sinh,  trang 255"
H187,Bàng sa (Hàn the),Borax,"Cam, hàm",Lương,Âm,"Kim, Thổ",Thuốc dùng ngoài,"Phế, Vị","Công năng: Giải độc, trừ đờm chỉ ho
Chủ trị: Dùng trong các bệnh viêm loét lợi, niêm mạc miệng phồng dộp, lở loét, hầu họng sưng thũng, đau răng, viêm tai cấp tính, đờm nhiệt ngưng trệ, ho đờm, viêm họng, viêm amiđan","Chú ý: Uống trong không nên dùng dài ngày. Do thuốc có độc cho can thận, xu hướng chung là dùng ngoài. Có thể phối hợp với phèn phi, berberin để làm thuốc sinh cơ lên da non, chữa nước ăn chân và bệnh ngứa ngoài da","Sách: ĐHY.Dược Học Cổ Truyền (NXB Y Học 2002) - Phạm Xuân Sinh,  trang 391"
H188,Băng phiến,,"Tân, khổ",Vi hàn,Âm,"Hỏa, Thổ, Kim",Thuốc phương hương khai khiếu,"Tâm, Tỳ, Phế","Công năng: Khai khiếu tinh thần, tiêu tán màng mộng
Chủ trị: Dùng đối với hầu họng sưng đau, đau răng, mắt đau đỏ, mắt có màng mộng",Phụ nữ có thai không dùng,"Sách: ĐHY.Dược Học Cổ Truyền (NXB Y Học 2002) - Phạm Xuân Sinh,  trang 273"
H189,Bình vôi (Ngải tượng),Radix Stephaniae rotudae,Khổ,Hàn,Âm,"Hỏa, Mộc, Thổ",Thuốc dưỡng tâm an thần,"Tâm, Can, Tỳ","Công năng: An thần, kiện vị, giảm đau, giải độc tiêu viêm, trừ ung thũng, thanh phế chỉ ho
Chủ trị: Dùng trong các trường hợp suy nhược thần kinh, dẫn đến mất ngủ, hoặc bệnh động kinh, điên giản, loét dạ dày, hành tá tràng, lỵ, đau răng, đau dây thần kinh, đau do sang chấn. Bệnh viêm nhiễm đường hô hấp, viêm họng, viêm khí quản mạn tính, ho lao","Chú ý: Bình vôi có tác dụng ức chế Bacillus subitilis. Chất rotundin alcaloid chiết từ củ bình vôi S. rotunda Lour, ít độc, có tác dụng trấn kinh rõ rệt, còn có tác dụng điều hòa hô hấp, hạ huyết áp, an thần, gây ngủ, chống co giật. Ngoài ra chất roemerin, cũng là ancaloid mới được phát hiện trong củ bình vôi, có tác dụng gây tê niêm mạc giảm biên độ và tần số của tim ếch cô lập; liều nhỏ có tác dụng an thần gây ngủ. Ngoài ra còn có tác dụng an thần hạ huyết áp (Dương Hữu Lợi, Ngô Vân Thu)","Sách: ĐHY.Dược Học Cổ Truyền (NXB Y Học 2002) - Phạm Xuân Sinh,  trang 269"
H190,Cao lương khương,Rhizoma Alpiniae,Tân,Nhiệt,Dương,Thổ,Thuốc ôn trung,"Tỳ, Vị","Công năng: Ôn trung chỉ thống, giải độc, giải nhiệt
Chủ trị: Dùng trong các bệnh đau bụng do lạnh, bụng đầy trướng, nôn, ỉa chảy, tiêu hóa bất chấn, sốt do hàn, hoặc sốt rét","Những người âm hư hoả vượng, táo bón không nên dùng","Sách: ĐHY.Dược Học Cổ Truyền (NXB Y Học 2002) - Phạm Xuân Sinh,  trang 192"
H191,Cây mỏ quạ (Xuyên phá thạch),Herba Cudraniae,Khổ (riêng lá có vị đắng hơi cay tê),Vi lương,Âm,"Kim, Thủy",Thuốc thanh phế chỉ khái,"Phế, Thận","Công năng: Thanh phế chỉ khái, khử phong chỉ thống, tiêu độc trị mụn nhọt, chống viêm, chống thối, giúp vết thương mau lên da non
Chủ trị: Trị ho ra máu do lao, phong thấp, đau lưng, chân tay đau mỏi",,"Sách: ĐHY.Dược Học Cổ Truyền (NXB Y Học 2002) - Phạm Xuân Sinh,  trang 252"
H192,Cỏ thài lài (Rau trai),Herba Commelinae,"Cam, đạm",Hàn,Âm,"Hỏa, Thủy",Thuốc thanh nhiệt giáng hỏa,"Tâm, Thận","Công năng: Thanh nhiệt tá hỏa, thanh tràng chỉ lỵ, thanh nhiệt giải độc, lợi thủy tiêu phù thũng
Chủ trị: Bệnh sốt cao, phát cuồng, phiền khát, hoặc bệnh cảm nhiệt dẫn đến sốt cao, huyết hấp trùng. Bênh tả, lỵ, viêm họng sưng đau, mụn nhọt rắn độc cắn, phù tim, thận, dùng lợi tiểu khi có sỏi thận, sỏi bàng quang","Chú ý: Nước sắc có tác dụng ức chế tụ cầu vàng, trực khuẩn đại tràng. Do tính thanh nhiệt của vị thuốc, người ta còn dùng làm rau ăn cho phụ nữ sau khi đẻ","Sách: ĐHY.Dược Học Cổ Truyền (NXB Y Học 2002) - Phạm Xuân Sinh,  trang 218"
H193,Cóc mẳn,Herba Centipedae,"Khổ, tân",Ôn,Dương,"Kim, Mộc",Thuốc thanh phế chỉ khái,"Phế, Can","Công năng: Thanh phế chỉ khái, bình can hạ áp, thanh can sáng mắt, thanh nhiệt tiêu độc
Chủ trị: Các trường hợp ho khan, chữa viêm khí quản mạn tính, cao huyết áp, đau mắt do viêm giác mạc, dị ứng, chốc lở. Ngoài ra còn chữa rắn cắn, khi rắn cắn có thể giã nát cây, đắp vào vết thương. Làm thông tắc mũi, lấy cây tươi giã nát, lấy dịch thấm vào bông rồi nhét vào lỗ mũi ngày vài lần",,"Sách: ĐHY.Dược Học Cổ Truyền (NXB Y Học 2002) - Phạm Xuân Sinh,  trang 248"
H194,Côn bố,Laminae,Khổ,Hàn,Âm,"Mộc, Thủy, Thổ",Thuốc hóa đàm nhiệt,"Can, Thận, Vị","Công năng: Hóa đàm tán kết
Chủ trị: Tuyền giáp sưng to, lao lâm ba kết, bệnh đàm tích lại, đau tinh hoàn",Chú ý: Trước khi dùng cần ngâm rửa nhiều lần cho hết muối bám bên ngoài,"Sách: ĐHY.Dược Học Cổ Truyền (NXB Y Học 2002) - Phạm Xuân Sinh,  trang 243"
H195,Cốc nha,,Cam,Ôn,Dương,Thổ,Thuốc tiêu đạo (thuốc tiêu hóa),"Tỳ, Vị","Công năng: Tiêu thực hóa tích, khai vị, xúc tiến tiêu hóa
Chủ trị: Dùng trong các trường hợp ăn uống không tiêu, bụng đầy trướng, căng đau, tỳ vị hư nhược",Chú ý: Có thể dùng sống hoặc sao vàng,"Sách: ĐHY.Dược Học Cổ Truyền (NXB Y Học 2002) - Phạm Xuân Sinh,  trang 258"
H196,Cốt khí củ (Hổ trượng),Radix Polygoni cuspidati,Khổ,Ôn,Dương,Mộc,Thuốc hoạt huyết,"Can, Tâm bào","Công năng: Hoạt huyết thông kinh, chỉ thống, trừ phong hàn thấp tý, thanh thấp nhiệt can đởm, bàng quang, tiêu viêm sát khuẩn
Chủ trị: Dùng trong các trường hợp phụ nữ có kinh đau bụng, hoặc bế kinh, bệnh viêm xương khớp, đau nhức lưng gối, viêm gan, viêm túi mật, sỏi mật, sỏi tiết niệu. Bệnh viêm phổi viêm phế quản mạn tính, viêm âm đạo","Chú ý: Thuốc có tác dụng ức chế trực khuẩn mũ xanh, trực khuẩn phó thương hàn, trực khuẩn lỵ. Bằng thực nghiệm chứng minh, cốt khí có tác dụng hạ cholesterol, cầm máu, tác dụng chống viêm (đặc biệt viêm khớp), tác dụng làm giảm tính thấm thành mạch, tác dụng chống oxy hóa, chống lão hóa","Sách: ĐHY.Dược Học Cổ Truyền (NXB Y Học 2002) - Phạm Xuân Sinh,  trang 297"
H197,Cam toại,Radix Euphorbiae kansui,Khổ,Hàn (Có độc),Âm,"Thổ, Kim, Thủy",Thuốc trục thủy,"Tỳ, Phế, Thận","Công năng: Trục thủy tả hạ
Chủ trị: Dùng trong các trường hợp phù bụng, lồng ngực tích nước, dẫn đến khó thở","Những người khoogn có phù, đại tiện lỏng, phụ nữ có thai không nên dùng","Sách: ĐHY.Dược Học Cổ Truyền (NXB Y Học 2002) - Phạm Xuân Sinh,  trang 370"
H198,Cao ban long,Colla Cornus cervi,Cam,Bình,Trung tính (Thiên Dương),"Kim, Mộc, Thủy",Thuốc bổ huyết,"Phế, Can, Thận","Công năng: Bổ huyết, bổ phế, cố thận, thêm tinh, an thai
Chủ trị: Các bệnh thiếu máu, da xanh xao, cơ thể gầy yếu, mất máu sau phẫu thuật, do bị thương sốt rét, chảy máu dạ dày ruột, chảy máu cam, thổ huyết, phụ nữ kinh nguyệt quá nhiều, hoặc cơ thể già yếu mệt. Các trường hợp ho ra máu, các bệnh lao, cơ thế thiếu máu, lao tủy, lao xương v.v.. dùng đều cho kết quả tốt. Trường hợp khí ở thận không đủ mà dẫn đến đau lưng, gối mỏi, di tinh, động thai chảy máu",,"Sách: ĐHY.Dược Học Cổ Truyền (NXB Y Học 2002) - Phạm Xuân Sinh,  trang 315"
H199,Cà độc dược (Mạn xà la hoa),Flos cum folium Daturae,Khổ,Ôn (có độc),Dương,"Kim, Thổ",Thuốc bình suyễn,"Phế, Vị","Công năng: Định suyễn, giảm đau, sát khuẩn
Chủ trị: Dùng đối với hen phế quản, bệnh đau dạ dày, đau khớp. Chữa rắn cắn, dùng quả tươi giã nát đắp vào chỗ rắn cắn, mụn nhọt hoặc chỗ bị thương",Không dùng vị thuốc này đối với trẻ em dưới 15 tuổi và phụ nữ có thai,"Sách: ĐHY.Dược Học Cổ Truyền (NXB Y Học 2002) - Phạm Xuân Sinh,  trang 253"
H200,Dưa hấu (Tây qua),Endocarpium Citrulli,"Cam, đạm",Hàn,Âm,"Hỏa, Thổ",Thuốc thanh nhiệt giải thử,"Tâm, Vị","Công năng: Thanh nhiệt giải khứ, thanh nhiệt lợi niệu
Chủ trị: Dùng khi thương khử, ra nhiều mồ hôi, tâm phiền, miệng khát, bệnh thấp nhiệt, hoàng đản, bụng trướng",Không dùng cho thể tỳ vị hư hàn và bệnh hàn thấp,"Sách: ĐHY.Dược Học Cổ Truyền (NXB Y Học 2002) - Phạm Xuân Sinh,  trang 200"
H201,Đại hồi,Fructus Anisi Stellati,"Tân, vi cam",Nhiệt,Dương,"Mộc, Thủy, Thổ",Thuốc ôn trung,"Can, Thận, Tỳ, Vị","Công năng: Khử hàn, ấm kinh, kiện tỳ, tiêu thực, khai vị chỉ nôn, giảm đau, hoạt huyết, giải độc
Chủ trị: Dùng khi bệnh hàn nhập lý gây đau bụng, sôi bụng, ỉa chảy, tiêu hóa bất chấn, bụng đầy, nôn lợm, kích thích tuyến sữa, đau dạ dày, đau ruột, phối hợp với các thuốc phong thấp để chữa đau xương, đau khớp, đau cơ nhục có thể dùng rượu xoa bớp hoặc bột thuốc đắp. Dùng khi cơ thể ăn phải các thức ăn gây ngộ độc, dị ứng",Những người âm hư hỏa vượng không được dùng,"Sách: ĐHY.Dược Học Cổ Truyền (NXB Y Học 2002) - Phạm Xuân Sinh,  trang 191"
H202,Đại phong tử,Semen Hydnocarpi,Tân,Nhiệt (có độc),Dương,,Thuốc dùng ngoài,,"Công năng: Thanh trừ nhiệt độc do mụn nhọt đinh độc hoặc phong hủi, sát khuản chỉ ngứa
Chủ trị: Dùng khi bị ngứa ngoài da, ngứa từng đám trên da",Những thể âm hư nội nhiệt không dùng,"Sách: ĐHY.Dược Học Cổ Truyền (NXB Y Học 2002) - Phạm Xuân Sinh,  trang 389"
H203,Đại kích (Hồng nha đại kích),Radix Euphorbiae,Khổ,Hàn (Có độc),Âm,"Mộc, Thủy, Thổ",Thuốc trục thủy,"Can, Thận, Tỳ","Công năng: Trục thủy tả hỏa, giải độc
Chủ trị: Dùng với trường hợp bụng đầy trướng phù nề mà đại tiện bí, trị mụn nhọt sưng đau, hoặc lao hạch","Phụ nữ có thai không nên dùng. Khi dùng nên theo dõi phản ứng buồn nôn và sức tả quả mạnh của vị thuốc
Chú ý: Đại kích có tác dụng tăng nhu động ruột, gây tả mạnh. Tác dụng dược lý giãn mạch, làm hưng phấn tử cung cô lập, đối kháng tác dụng tăng áp của adrenalin","Sách: ĐHY.Dược Học Cổ Truyền (NXB Y Học 2002) - Phạm Xuân Sinh,  trang 371"
H204,Đăng tâm thảo (Cỏ bấc đèn),Medulla Junci caulis,Cam,Hàn,Âm,"Kim, Hỏa",Thuốc lợi thấp,"Phế, Tiểu trường","Công năng: Lợi thấp, lợi niệu thông lâm, thanh tâm trừ phiền
Chủ trị: Dùng trong các trường hợp tiểu tiện bí dắt, tiểu tiện ngắn đỏ, tiểu buốt xót. Khi tâm phiền miệng khô phát","Không dùng cho những người tiểu nhiều, tiểu không cầm","Sách: ĐHY.Dược Học Cổ Truyền (NXB Y Học 2002) - Phạm Xuân Sinh,  trang 338"
H205,Đậu đỏ (Xích tiểu đậu),Semen Phaseoli,"Cam, vi toan",Bình,Trung tính,Hỏa,Thuốc lợi thấp,"Tâm, Tiểu trường","Công năng: Lợi niệu tiêu phù thũng, giải độc tiêu mủ
Chủ trị: Dùng trong bệnh tiểu tiện khó, tiểu buốt dắt. Bệnh mụn nhọt, sưng đau, có thể uống, hoặc nghiền bột, thêm nước làm hồ ngão đắp vào nơi sưng đau",,"Sách: ĐHY.Dược Học Cổ Truyền (NXB Y Học 2002) - Phạm Xuân Sinh,  trang 340"
H206,Đậu quyển,Semen praeparatus Vignae,Cam,Bình,Trung tính (Thiên Dương),Thổ,Thuốc thanh nhiệt giải thử,Vị,"Công năng: Thanh nhiệt giải trừ
Chủ trị: Dùng với chứng ôn thử hoặc thấp thử hoặc cảm mạo... biểu hiện bệnh sốt cao","Nếu không thấp nhiệt thì không dùng
Chú ý: Có thể dùng khi đại tràng thực nhiệt gây táo bón","Sách: ĐHY.Dược Học Cổ Truyền (NXB Y Học 2002) - Phạm Xuân Sinh,  trang 199"
H207,Địa cốt bì,Cortex radicis Lycii sinensis,"Cam, vi khổ",Hàn,Âm,"Mộc, Thủy, Kim",Thuốc thanh nhiệt lương huyết,"Can, Thận, Phế","Công năng: Thanh phế nhiệt, chỉ ho, dưỡng thận, bổ tỳ, thư can, trừ hư nhiệt, hạ nhiệt chỉ thống
Chủ trị: Dùng đối với bệnh ho do phế nhiệt hoặc phế nhiệt mà gây suyễn tức. Trường hợp thận thủy bất túc, do đó mà có tác dụng mạnh gân cốt, còn dùng trong chứng âm hư hỏa vượng. Bệnh hư lao, âm hư có mồ hôi, lúc nóng, lúc lạnh, đau nhức trogn xương, đầu nóng hoặc sốt lâu không giảm","Những người có biểu chứng chưa được giải thì không nên dùng
Chú ý: Thuốc có tác dụng giải nhiệt, hạ huyết áp do giãn mạch, có tác dụng hạ đường huyết. Cần chú ý, hiện nay trên thị trường dùng vỏ rễ của một loại ngũ gia bì hương - Acanthopanax nhập từ Trung Quốc có mùi thơm làm địa cốt bì","Sách: ĐHY.Dược Học Cổ Truyền (NXB Y Học 2002) - Phạm Xuân Sinh,  trang 231"
H208,Hạ khô thảo,Spica Prunellae,"Khổ, tân",Hàn,Âm,Mộc,Thuốc thanh nhiệt giáng hỏa,"Can, Đởm","Công năng: Thanh can hỏa, giải độc tiêu viêm, tán uất kết, tiêu ứ tích, lợi niệu, tiêu phù thũng, hạ áp
Chủ trị: Dùng khi can nhiệt dẫn đến sốt cao hoặc đau mắt đỏ, đau con ngươi, nước mắt chảy dòng ra ngoài, hoặc còn dùng trong bệnh viêm gan cấp tính. Trường hợp vú có nhọt, giải nhiệt độc ở tử cung, âm đạo. Bệnh tràng nhạc, bướu cổ, tê thấp dẫn đến phù nề, cao huyết áp","Những người âm hư, vị yếu không có uất kết không dùng","Sách: ĐHY.Dược Học Cổ Truyền (NXB Y Học 2002) - Phạm Xuân Sinh,  trang 217"
H209,"Hỏa ma nhân (Cây gai mèo, gia dầu)",Fructus Cannabitis,Cam,Bình,Trung tính (Thiên Dương),"Kim, Thổ",Thuốc nhuận hạ,"Phế, Vị, Đại trường","Công năng: Nhuộn tràng thông tiện, lợi niệu, tiêu phù thũng, thanh vị cầm nôn
Chủ trị: Chủ yếu dùng với người già thể hư, sau khi sốt hoặc phụ nữ sau khi đẻ tân dịch không đủ hoặc huyết hư mà gây ra táo bón. Trường hợp tiểu tiện bí, đái buốt, đái dắt, bụng và chân phù nặng, vị nhiệt, nôn mửa","Dùng nhiều thuốc này, dễ tổn thương huyết dịch, người bị hoạt tính không nên dùng
Chú ý: Cây dùng làm sợi dệt vải. Nhựa có tác dụng như một chất ma túy, cần lưu ý đề phòng","Sách: ĐHY.Dược Học Cổ Truyền (NXB Y Học 2002) - Phạm Xuân Sinh,  trang 369"
H210,Hổ cốt (Xương hổ),Os Tigris,"Hàm, tân",Vi ôn,Dương,"Mộc, Thủy",Thuốc khử phong thấp,"Can, Thận","Công năng: Hoạt lạc trừ phong thấp, bổ khí huyết, tăng cường sức đề kháng của cơ thể
Chủ trị: Các trường hợp đau xương, đau gân cốt, đau dây thần kinh liên sườn, chân tay tê dại, co quắp, đau cột sống, bán thân bất toại, cơ thể suy nhược, yếu mệt da dẻ xanh xao, người vô lực",Những người huyết hư mà hỏa thịnh không dùng được,"Sách: ĐHY.Dược Học Cổ Truyền (NXB Y Học 2002) - Phạm Xuân Sinh,  trang 329"
H211,Hùng hoàng,Realgar,"Tân, khổ",Ôn (có độc),Dương,"Mộc, Thổ",Thuốc dùng ngoài,"Can, Vị","Công năng: Sát khuẩn chống ngứa, giải độc sát khuẩn, khứ đờm khai bế
Chủ trị: Dùng khi da bị ngứa, có thể ngứa từng đám trên da. Các trường hợp lở loét ngoài da, vết rắn cắn, côn trùng cắn, phong tý, trẻ con bị kinh giản đờm tắc cổ họng, chữa cam răng, cam tẩu mã","Không nên sắc với thời gian kéo dài. Dùng ngoài lượng vừa đủ. Những người âm hư, huyết hư, phụ nữ có thai không được dùng uống","Sách: ĐHY.Dược Học Cổ Truyền (NXB Y Học 2002) - Phạm Xuân Sinh,  trang 387"
H212,Khinh phấn,Calomen,Tân,Hàn (Có độc),Âm,,Thuốc dùng ngoài,,"Công năng: Sát khuẩn chỉ ngứa, giải độc mạnh với mụn nhọt sang lở vỡ loét, trục thủy tiêu thũng
Chủ trị: Ngứa ngoài da, phù bụng, bí đại tiểu tiện","Chú ý: Không dùng liều lớn vị có độc tính. Sau khi uống, cần lưu ý thuốc dễ kích thích miệng gây phồng dộp niêm mạc. Dùng ngoài lượng thích hợp","Sách: ĐHY.Dược Học Cổ Truyền (NXB Y Học 2002) - Phạm Xuân Sinh,  trang 391"
H213,"Khiên ngưu tử (Hắc sửu, bạch sửu)",Semen Pharbitidis,Khổ,Hàn (Có độc),Âm,"Thổ, Thủy, Kim",Thuốc trục thủy,"Vị, Thận, Đại trường","Công năng: Trục thủy tả hạ, sát trùng
Chủ trị: Dùng khi đại tiểu tiện bí kết dùng dưới dạng bột mịn, có giun đũa gây đau bụng","Phụ nữ có thai, tỳ hư không nên dùng
Chú ý: Chất béo từ hạt khiên ngưu, có tác dụng kích thích đại tràng gây ỉa chảy, tác dụng trừ giun và lợi tiểu","Sách: ĐHY.Dược Học Cổ Truyền (NXB Y Học 2002) - Phạm Xuân Sinh,  trang 371"
H214,Khổ sâm (loại khổ sâm cho rễ),Radix Sophorae,Khổ,Hàn,Âm,"Hỏa, Mộc, Kim",Thuốc thanh nhiệt táo thấp,"Tâm, Can, Đại trường","Công năng: Thanh nhiệt táo thấp, thanh nhiệt lợi thủy, khử phong sát khuẩn, làm hết ngứa
Chủ trị: Các bệnh thấp nhiệt bệnh lỵ lâu ngày không khỏi, tiểu tràng thấp nhiệt, tiểu tiện khó khăn. Bệnh ngứa ngoài da, phụ nữ ngứa âm hộ, hoặc viêm âm đạo do trùng roi, các bệnh nhọt độc, phong ngứa, dị ứng","Người tỳ hư, can thận hư không dùng","Sách: ĐHY.Dược Học Cổ Truyền (NXB Y Học 2002) - Phạm Xuân Sinh,  trang 224"
H215,Lệ chi thạch,Semen Litchii,"Khổ, cam, sáp",Ôn,Dương,"Mộc, Thủy",Thuốc hành khí giải uất,"Can, Thận","Công năng: Hành khí giảm đau, kiện vị, chỉ nôn
Chủ trị: Bệnh hàn tà thấp khí dẫn đến sán khí, hoặc đau bụng, phụ nữ đau nhói như kim châm. Dùng hạt vải nướng chín, bóc vỏ, ăn chữa đau bụng, buồn nôn","Chú ý: Hạt vải rừng độc không dùng được. Lệ chi hạch cần chế biến như sau: Cắt bỏ rốn, gọt bỏ vỏ ngoài, thái mỏng, sao vàng","Sách: ĐHY.Dược Học Cổ Truyền (NXB Y Học 2002) - Phạm Xuân Sinh,  trang 278"
H216,Liên tâm,Embrio Nelumbnis,Khổ,Hàn,Âm,Hỏa,Thuốc dưỡng tâm an thần,Tâm,"Công năng: Thanh tâm hỏa, trấn tâm, ân thần, gây ngủ, bình can hạ áp. Thuốc có tính hàn, có tác dụng thanh nhiệt phần khí của kinh tâm, lực thanh tâm tương đối mạnh
Chủ trị: Bệnh ôn nhiệt tà nhiệt bị hãm ở tâm bào, xuất hiện chóng mặt, nói nhảm, tâm phiền, bất an dẫn đến mất ngủ, cao huyết áp",Chú ý: Thuốc có tác dụng cường tim rõ rệt. Ngoài ra còn có tác dụng hạ huyết áp,"Sách: ĐHY.Dược Học Cổ Truyền (NXB Y Học 2002) - Phạm Xuân Sinh,  trang 268"
H217,Linh dương giác,,Hàm,Hàn,Âm,"Hỏa, Mộc",Thuốc bình can tắt phong,"Tâm, Can","Công năng: Làm tắt phong, chỉ kinh, thanh can sáng mắt, thanh tâm hỏa, an thần chí, giải độc, làm sởi mọc
Chủ trị: Bệnh can phong nội động, toàn thân co quắp, lưỡi xám đen. Các trường hợp can hỏa, dẫn đến đau đầu, hoa mắt chóng mặt, đau mắt đỏ, sốt cao, mê sảng, phát cuồng, dị ứng, ban chẩn",Những người kinh can không có nhiệt thịnh dùng phải thận trọng,"Sách: ĐHY.Dược Học Cổ Truyền (NXB Y Học 2002) - Phạm Xuân Sinh,  trang 257"
H218,Long cốt,Os Draconis,Cam,Bình,Trung tính (Thiên Dương),"Hỏa, Mộc",Thuốc trọng trấn an thần,"Tâm, Can","Công năng: Trấn tâm, an thần, bình can tiềm dương, thu liễm, cố sáp
Chủ trị: Trị tâm thần bất an, biểu hiện cơ thể phiền táo, tâm đập loạn nhịp, mất ngủ, hồi hộp, can dương thượng nghịch, thấy chóng mặt đàu choáng váng, hoa mắt. Trị di tinh, đái dắt, ra nhiều mồ hôi trộm, bạch đới, băng lậu, dùng ngoài trị vết thương lâu ngày không lành, bị thương chảy máu có thể phối hợp với ô tặc cốt, lượng bằng nhau, tán mịn, rắc vào chỗ đau","Chú ý: Long xỉ, tính vị chát, mát, có khả năng trấn tâm, ân thần, tim loạn nhịp, hồi hộp, mất ngủ, dùng 12-20g","Sách: ĐHY.Dược Học Cổ Truyền (NXB Y Học 2002) - Phạm Xuân Sinh,  trang 263"
H219,Long nhãn,Arillus longanae,Cam,Bình,Trung tính (Thiên Dương),"Hỏa, Thổ",Thuốc bổ huyết,"Tâm, Tỳ","Công năng: Bổ huyết, an thần, ích trĩ, bổ tỳ, kiện vị
Chủ trị: Các trường hợp thiếu máu, cơ thể suy nhược, yếu mệt, thể trạng ngày càng giảm, đoản hơi, mất ngủ trí nhớ suy giảm hay quên, lo nghĩ quá nhiều dẫn đến tâm hồi hộp, tim loạn nhịp, tim đập dồn dập (tâm quý), người choáng váng, chóng mặt, tỳ hư, ăn uống, tiêu hóa kém","Chú ý: Hạt nhãn được dùng trong các trường hợp mụn nhọt chốc lở, đặc biệt ngứa ở kẽ chân hoặc trẻ con chốc đầu. Lấy hạt nhãn bỏ vỏ đen, thái mỏng, tán bột rắc vào chỗ sang lở, có thể dùng riêng hoặc phối hợp với bột bàng xa bằng lượng, cũng có thể dùng bột than của hạt nhãn rắc vào các mụn chốc lở ở trẻ em, sau khi đã gội sạch nhớt. Nước sắc long nhãn có tác dụng ức chế đối với trực khuẩn lỵ","Sách: ĐHY.Dược Học Cổ Truyền (NXB Y Học 2002) - Phạm Xuân Sinh,  trang 317"
H220,Lưu hoàng (Lưu huỳnh),,Toan,Ôn (có độc),Dương,Thủy,Thuốc tả hạ có tính nhiệt,"Thận, Tâm bào","Công năng: Làm ấm ruột, thông đại tiện, ấm thận, tráng dương, sát khuẩn, làm hết ngứa
Chủ trị: Người già yếu mà đại tiện bí táo. Dùng đối với chức năng thận dương kém, lưng gối đau mỏi, tay chân lạnh, phụ nữ bạch đới, nam giới liệt dương, di tinh, lở loét, ngứa","Những người thuộc thể âm hư mà phần dương thịnh thì không dùng, khi dùng không nên dùng với phác tiêu (úy phác tiêu)","Sách: ĐHY.Dược Học Cổ Truyền (NXB Y Học 2002) - Phạm Xuân Sinh,  trang 366"
H221,Mã tiền thảo (Cỏ roi ngựa),Herba Verbenae,Khổ,Hàn,Âm,"Mộc, Kim",Thuốc thanh nhiệt giải độc,"Can, Phế","Công năng: Thanh nhiệt giải độc, thanh can đởm thấp nhiệt, hoạt huyết thông kinh
Chủ trị: Các bệnh sốt, cảm cúm, mụn nhọt, viêm gan vàng da, viêm gan virus, phụ nữ bế kinh hoặc khi có kinh nguyệt đau bụng. Ngoài ra có thể dùng cho bệnh xơ gan ở thời kì đầu, vị thuốc chữa sốt rét cho kết quả",Chú ý: Thuốc có tác dụng ức chế liên cầu khuẩn,"Sách: ĐHY.Dược Học Cổ Truyền (NXB Y Học 2002) - Phạm Xuân Sinh,  trang 212"
H222,Mã tiền tử,Semen Strychni,Khổ,Hàn,Âm,"Mộc, Thổ",Thuốc khử phong thấp,"Can, Tỳ","Công năng: Trừ phong thấp, hoạt lạc, thông kinh, giảm đau, mạnh gân cốt, khứ phong chỉ kinh, tán ứ, tiêu thũng
Chủ trị: Dùng trong các bệnh phong thấp, đau khớp cấp hoặc mạn tính, kinh giản, co quắp, chân tay bị quyết lạnh, ung độc hoặc chấn thương cơ nhục sưng tấy. Các trường hợp gân và cơ tê đau, cơ thể suy nhược, đau nhức thần kinh ngoại biên","Không dùng cho trẻ em và phụ nữ có thai
Chú ý: Những người mất ngủ, di mộng tinh không nên dùng. Dùng ngoài dưới dạng cồn xoa bóp. Với liều nhỏ, thuốc có tác dụng kích thích thần kinh trung ương và ngoại vi. Ngoài ra còn có tác dụng tăng huyết áp, tăng tiết dịch vị","Sách: ĐHY.Dược Học Cổ Truyền (NXB Y Học 2002) - Phạm Xuân Sinh,  trang 326"
H223,Mần tưới,Herba Eupatorii Staechadosmi,"Vi khổ, cam",Bình,Trung tính,"Mộc, Thổ, Kim, Thủy",Thuốc thanh nhiệt giải độc,"Can, Tỳ, Phế, Thận","Công năng: Tả hỏa giải độc, giải thử, tiêu thực, thanh nhiệt lợi hầu họng, đặc biệt dùng phòng và trị bệnh bạch hầu, thanh phế, trừ đởm, hoạt huyết giảm đau, khai khiếu, hóa trọc, lợi tiểu
Chủ trị: Dùng với cảm mạo sốt cao, viêm phổi, các bệnh ung nhọt, rắn độc cắn, cảm nắng nóng, say nắng, tiêu hóa kém, bụng đầy, chữa viêm khí quản mạn tính. Khi bị ứ huyết do chấn thương sưng đau","Chú ý: Vị thuốc phơi khô còn dùng bảo quản cau khô tránh mốc mọt hoặc trừu bọ mạt ở gà. Thuốc có tác dụng ưc chế trực khuẩn bạch hầu, tụ cầu vàng. Ngoài ra còn có tác dụng trung hòa ngoại độc tố của trực khuẩn bạch cầu","Sách: ĐHY.Dược Học Cổ Truyền (NXB Y Học 2002) - Phạm Xuân Sinh,  trang 210"
H224,Mật gấu (Hừng đởm),Fel. Ursi,Khổ,Hàn,Âm,"Mộc, Hỏa",Thuốc thanh nhiệt giải độc,"Can, Tâm, Đởm","Công năng: Thanh nhiệt giải độc, thanh nhiệt giáng hỏa, hoạt huyết, giảm đau
Chú trị: Dùng đối với bệnh do hỏa độc, dẫn đến mụn nhọt sang lở, sưng đau đặc biệt đối với đau đớn của bệnh trĩ, có thể hòa tan trong nước nóng, rồi bôi. Bệnh sốt cao dẫn đến co giật, hoặc bệnh kinh phong, điên giản. Các trường hợp sưng tấy ứ huyết đau đớn do chấn thương, dùng mật gấy hòa tan rượu, xoa và bóp vào nơi bị sang chấn; có tác dụng rất tốt. Thanh can hỏa tan màng mộng ở mắt, khi can hỏa mắt sưng đau, mắt có màng mộng, dùng mật gấu hòa trong nước rồi lấy dịch trong, nhỏ vào mắt. Trường hợp viêm gan, hôn mê gan; sắc nước nhân tràn rồi hòa mật gấu, uống. Hoặc uống riêng để chữa xơ gan. Ngoài ra còn dùng chữa đau bụng và chữa giun đũa","Những người bị đau do hỏa bị uất, trạng thái thực nhiệt thì không dùng. Không nên dùng liều cao hoặc kéo dài, dễ ảnh hưởng đến trạng thái thần kinh
Chú ý: Dùng dạng cồn để xoa bóp chỗ sưng đau. Hiện nay việc nuôi gấu lấy mật đang phát triển. Tuy vậy cần chú ý phân biệt giả mạo với các loại mật khác (bò, lợn...)","Sách: ĐHY.Dược Học Cổ Truyền (NXB Y Học 2002) - Phạm Xuân Sinh,  trang 205"
H225,Mướp,Herba Luffae,"Vi khổ, toan","Lương (Ty qua đằng, ty qua diệp); vi cam, tính bình (ty qua lạc)",Âm,Kim,Thuốc thanh phế chỉ khái,Phế,"Công năng: Thanh phế chỉ khái, trừ đàm, thông khứu giác, giải độc chỉ huyết, thông kinh hoạt lạc
Chủ trị: Thân mướp, lá mướp đều có tác dụng trị ho đàm dùng cho các chứng ho cấp hoặc mạn tính trong bệnh viêm phế quản, có thể dùng quả mướp non để chữa ho hen. Dùng thân mướp khô sao đen trị tắc ngạt mũi khi viêm mũi. Lá tươi giã nát đắp vào chỗ viêm loét, sưng đau, hoặc nghiền bột mịn để cầm máu bên ngoài. Dùng ty qua lạc chữa sườn đau tức hoặc đau khớp","Chú ý: Mướp đắng Momordica charantia L., dùng quả, hạt và dây để chữa bệnh tiểu đường có hiệu quả","Sách: ĐHY.Dược Học Cổ Truyền (NXB Y Học 2002) - Phạm Xuân Sinh,  trang 250"
H226,Nga truật,Rhizoma Zedoaride,"Khổ, tân",Ôn,Dương,Mộc,Thuốc phá huyết,Can,"Công năng: Phá huyết, hành khí, tiêu thực hóa tích trệ, thanh phế chỉ ho
Chủ trị: Dùng trị bệnh huyết trệ, kinh nguyệt bế, đau bụng khi có kinh. Các trường hợp ăn uống không tiêu, thực ăn bị tích lại gây đầy bụng, chướng hơi, bị ho, nhiều đàm",Nếu cơ thể yếu không có tích trệ thì không nên dùng,"Sách: ĐHY.Dược Học Cổ Truyền (NXB Y Học 2002) - Phạm Xuân Sinh,  trang 301"
H227,Ngẫu tiết (Ngó sen),Nodus Nelumbinis rhizomatis,"Cam, sáp",Bình,Trung tính (Thiên Dương),"Hỏa, Mộc, Thổ",Thuốc phá huyết,"Tâm, Can, Tỳ","Công năng: Chỉ huyết
Chủ trị: Dùng với bệnh ho ra máu, thổ huyết, máu cam, đại tiểu tiện ra huyết, rong huyết, băng lậu. Lá sen (hà diệp); vị khổ tính bình, nhập kinh can tỳ, cũng có tác dụng chỉ huyết an thần, gây ngủ, chảy máu cam, giải thử","Chú ý: Chất nuciferin có trong lá sen có tác dụng giải kinh, giải co quắp đối với cơ trơn","Sách: ĐHY.Dược Học Cổ Truyền (NXB Y Học 2002) - Phạm Xuân Sinh,  trang 310"
H228,Ngô công (Con rết),Scolopendra morsitans L. Họ Rết Scolopendridae,Tân,Ôn (có độc),Dương,Mộc,Thuốc bình can tắt phong,Can,"Công năng: Làm tắt phong, chỉ kinh, tiêu viêm, nhuyễn kiên, tán kết, giải độc
Chủ trị: Dùng trị bệnh động kinh, điên giản, uốn ván, co giật đặc biệt ở trẻ em. Ngoài ra còn chữa đau day thần kinh ở mặt. Trị bệnh viêm cột sống, tràng nhạc đã bị lở loét, mụn nhọt, đầu đanh, đinh râu, dùng cồn rết tươi lấy bông sạch chấm vào những mụn nhọt chưa thành mủ, mụn sẽ tan. Bên cạnh đó còn dùng khi bị rắn độc cắn","Những người ở thể hư nhược, thể trạng táo, háo khát, phụ nữ có thai không nên dùng","Sách: ĐHY.Dược Học Cổ Truyền (NXB Y Học 2002) - Phạm Xuân Sinh,  trang 261"
H229,Ngũ bội tử,Galla chinensis,"Toan, sáp, hàm",Bình,Trung tính (Thiên Âm),"Kim, Thủy",Thuốc cố tinh sáp niệu,"Phế, Thận, Đại trường","Công năng: Làm ngừng ra mồ hôi, cầm máu, làm ngưng ỉa chảy, cố thoát, giải độc sát khuẩn
Chủ trị: Trị mồ hôi trộm có thể uống hoặc lấy bột ngũ bội tử thêm nước, làm thành dạng hồ nhão, đắp vùng rốn, bên ngoài lấy băng cuộn lại, còn dùng để trị các chứng chảy máu bên trong, tử cung xuất huyết, đại tiểu tiện ra máu. Ngoài ra còn dùng để trị yếu phổi, ho lâu hỏi. Dùng để trị ỉa chảy lâu ngày, lỵ lâu ngày, cố thoát, bệnh lòi dom, sa tử cung (sắc nước rửa cần thêm một ít phèn chua), cũng có thể dùng bột hai thử đó mà bôi; chữa ỉa chảy màu hè, trị mụn, nhọt, ung độc hoặc viêm mạc miệng, viêm lợi răng, bị bỏng (dùng bột rắc vào)","Chú ý: Tác dụng cầm máu do tanin của ngũ bội tử làm thành màng bảo vệ khi tiếp xúc với da, làm mạch máu bị ép lại, do đó mà có tác dụng cầm tả và cầm máu, trị bỏng. Còn có tác dụng giải độc kim loại. Ngoài ra cần chú ý rằng acid galic có trong vị thuốc khi tiếp xúc ở niêm mạc và bề mặt các vết thương, nếu hấp thụ lượng quá nhiều sẽ làm cho trung tâm thủy nhỏ của gan bị hoại tử. Ngũ bội tử có tác dụng ức chế lỵ trực khuẩn, trực khuẩn mủ xanh, trực khuẩn bạch hầu, tụ cầu vàng, liên cầu khuẩn nhóm B, cầu khuẩn viêm phổi","Sách: ĐHY.Dược Học Cổ Truyền (NXB Y Học 2002) - Phạm Xuân Sinh,  trang 376"
H230,Ngũ gia bì hương,Cortex Acanthopanacis,Tân,Ôn,Dương,"Mộc, Thủy",Thuốc khử phong thấp,"Can, Thận","Công năng: Khử phong chỉ thống, bổ dưỡng khí huyết, kiện tỳ cố thận, lợi niệu, tiêu phù thũng, giảm đau, giải độc
Chủ trị: Dùng trong bệnh đau lưng gối, đau khớp, sưng khớp hoặc gân bị co quắp, cơ thể bị suy nhược, thiếu máu, vô lực, mệt mỏi, da thịt teo nhẽo, bại liệt, liệt ở trẻ em, trẻ em chậm biết đi, hoặc các chứng thận dương suy kém dẫn đến di tinh, liệt dương. Các trường hợp tiểu tiện khó khăn, cơ thể bị phù nề, sang chấn gẫy xương, trị mụn nhọt, sang lở","Chú ý: Thuốc có tác dụng tăng sức dẻo dai bền bỉ của cơ bắp. Dịch chiết nước có tác dụng giảm thấp tính mẫn cảm của tia tử ngoại trên da bình thường, tăng sức chịu đựng của mạch máu nhỏ dưới áp xuất thấp","Sách: ĐHY.Dược Học Cổ Truyền (NXB Y Học 2002) - Phạm Xuân Sinh,  trang 322"
H231,Ngư tinh thảo (Cây diếp cá),Herba Houttuyniae cordatae,"Tân, toan",Hàn,Âm,"Kim, Thủy",Thuốc thanh nhiệt giải độc,"Phế, Đại trường, Bàng quang","Công năng: Thanh nhiệt giải độc, tiêu ung thũng, thanh thấp nhiệt đại tràng, thanh nhiệt giáng hỏa, thanh thấp nhiệt bàng quang, thanh can sáng mắt
Chủ trị: Dùng trong các trường hợp phế nhiệt, phế ung, phế có mủ (các trường hợp viêm phổi, áp xe phổi...), viêm khí quản, ho ra máu, chữa mụn nhọt, tắc tia sữa. Trường hợp tiết tả lỵ, thoát giang (lòi dom). Riêng trường hợp lòi dom, còn dùng lá giã nát rồi đắp vào, hoặc xông rửa dom. Có các trường hợp như sốt cao do viêm họng, hoặc các nguyên nhân khác, hoặc sốt rét, viêm bàng quang, dẫn đến bí tiểu tiện, đau mắt đỏ, mắt có nhiều dử, mắt bị viêm nhiễm; đặc biệt bị viêm nhiễm do vi khuẩn mủ xanh. Dùng lá tươi uống trong và đắp ngoài",Chú ý: Thành phần quexetin và muối kali của ngư tinh thảo có tác dụng lợi niệu,"Sách: ĐHY.Dược Học Cổ Truyền (NXB Y Học 2002) - Phạm Xuân Sinh,  trang 204"
H232,Ngưu hoàng,Calculus Bovis (Benzoar),"Khổ, cam",Lương,Âm,"Hỏa, Mộc",Thuốc hóa đàm nhiệt,"Tâm, Can","Công năng: Khuứ đàm an thần, thanh nhiệt giải nhiệt, giải độc chữa mụn nhọt
Chủ trị: Dùng đối với bệnh sốt dẫn đến tri hôn mê, nói nhảm, điên giản phát cuồng, co quắp chân tay, đau họng, viêm amiđan, viêm răng miệng, bệnh mụn nhọt sang lở loét hoặc còn sưng tấy",Những người không có thực nhiệt không nên dùng,"Sách: ĐHY.Dược Học Cổ Truyền (NXB Y Học 2002) - Phạm Xuân Sinh,  trang 242"
H233,Nhũ hương,Olibanum - Gummi resina olibanum,Khổ,Ôn,Dương,"Hỏa, Thổ, Mộc",Thuốc hoạt huyết,"Tâm, Tỳ, Can","Công năng: Hoạt huyết hành khí, thông kinh lạc, chỉ thống, giải độc, sinh cơ
Chủ trị: Dùng trong trường hợp khí huyết ứ trệ, dẫn đến các chứng đau đớn, đau bụng, đau ngực, bệnh phong thấp, đau nhức xương khớp, cân cơ co rút hoặc đau do chấn thương,. Dùng khi mụn nhọt đã vỡ, lâu liền miệng, nghiền bột rắc vào vết thương",Không dùng cho phụ nữ có thai,"Sách: ĐHY.Dược Học Cổ Truyền (NXB Y Học 2002) - Phạm Xuân Sinh,  trang 298"
H234,Nhục thung dung,Herba Cirtanches,"Cam, toan, hàm",Ôn,Dương,Thủy,Thuốc bổ dương (thuốc trợ dương),Thận,"Công năng: Ôn thận, tráng dương, nhuận tràng thông tiện
Chủ trị: Dùng cho những người thận hư dẫn đến tê liệt dương (dương nuy) hoạt tinh, lưng đầu gối đau lạnh, hoặc phụ nữ sinh dục kém, tân dịch khô háo đến bí đại tiện","Không dùng cho những người thận hỏa vượng, đại tiện nát lỏng","Sách: ĐHY.Dược Học Cổ Truyền (NXB Y Học 2002) - Phạm Xuân Sinh,  trang 355"
H235,Phan tả diệp,Folia Cassiae angustifolae,"Tân, khổ",Đại hàn,Âm,Kim,Thuốc tả hạ có tính hàn,Đại trường,"Công năng: Thanh tràng thông tiện, kiện vị tiêu thực
Chủ trị: Dùng khi nhiệt bị tích lại làm cho ruột bị táo, đại tiện bí kết, tiêu hóa không tốt thực ăn bị tích trệ, ngực bụng đầy trướng","Những người cơ thể hư nhược, phụ nữ có thai, phụ nữ sau khi đẻ và trong thời gian có kinh nguyệt không nên dùng","Sách: ĐHY.Dược Học Cổ Truyền (NXB Y Học 2002) - Phạm Xuân Sinh,  trang 364"
H236,Phúc bồn tử (Quả chín phơi khô của cầy phúc bồn tử - Rubus),,"Cam, toan",Ôn,Dương,"Mộc, Thủy",Thuốc cố tinh sáp niệu,"Can, Thận","Công năng: Ích thận, cố tinh
Chủ trị: Dùng trong trường hợp thận hư âm hư, đi tiểu nhiều, nhiều lần, nước tieur trong mà dài; hoặc đi tiểu không cầm được, không nín được; hoặc dùng trong trường hợp bệnh đái tháo, đái nhạt. Dùng đối với bệnh do thận hư dẫn đến liệt dương, di tinh, tiết tinh sớm","Chú ý: Ở vùng núi nước ta như Hà Bắc, Hoàng Liên Sơn, có nhiều loại Rubus, có thể khai thác làm thuốc được. Nước sắc 100%, có tác dụng ức chế đối với trực khuẩn lỵ, tụ cầu và vi khuẩn hắc loạn","Sách: ĐHY.Dược Học Cổ Truyền (NXB Y Học 2002) - Phạm Xuân Sinh,  trang 376"
H237,Qua lâu nhân,Semen Trichosanthis,"Cam, khổ",Hàn,Âm,"Kim, Thổ",Thuốc hóa đàm nhiệt,"Phế, Vị","Công năng: Thanh nhiệt hóa đàm, lý khí khoan xung, nhuận tràng thông tiện, tán kết tiêu thũng
Chủ trị: Dùng trị các chứng đàm nhiệt gây ho, lồng ngực đầy trướng buồn bực do đàm nhiều trong phế quản, đại tràng táo kết, viêm hạch, bướu cổ, mụn nhọt","Chú ý: Qua lâu phản ô đầu. Hợp chất saponin trong qua lâu nhân có tác dụng chống ho, trừ đàm tốt. Thành phần dầu béo trong qua lâu nhân có tính chất nhuận tràng. Qua lâu nhân ức chế trực khuẩn đại tràng, trực khuẩn lỵ, trực khuẩn thương hàn. Dịch chiết cồn qua lâu nhân có tác dụng chống ung thư","Sách: ĐHY.Dược Học Cổ Truyền (NXB Y Học 2002) - Phạm Xuân Sinh,  trang 241"
H238,Quán chúng,Rhizoma Cyrtomii,Khổ,Vi hàn (ít độc),Âm,"Thổ, Mộc",Thuốc trừ giun sán,"Tỳ, Can","Công năng: Khử trùng, tiêu ích, lương huyết cầm máu, giải độc, sát khuẩn
Chủ trị: Dùng đối với giun móc câu, giun đũa, giun kim, sán dây, chứng huyết nhiệt gây thổ huyết, xuất huyết do lỵ, tử cung xuất huyết. Có thể dùng quán chúng để dự phòng bệnh cảm cúm và trị bệnh sởi",Những người ở thể hư hàn và phụ nữ có thai không nên dùng,"Sách: ĐHY.Dược Học Cổ Truyền (NXB Y Học 2002) - Phạm Xuân Sinh,  trang 384"
H239,Rắn,,"Cam, hàm",Ôn,Dương,Mộc,Thuốc khử phong thấp,Can,"Công năng: Trừ phong thấp, thông kinh lạc, chỉ kinh, giải co quắp
Chủ trị: Dùng trong các bệnh đau khớp xương, đau nhức xương, đau cột sống hoặc chân tay tê dại, co giật ở trẻ em, các chứng kinh phong, bán thân bất hoại. Ngoài ra còn dùng để điều trị bệnh phong hủi. Xác rắn (xà thoái) có vị mặn, tính bình; có tác dụng trừ phong giải độc, sát khuẩn làm tan mộng mắt, làm hết ngứa; điều trị bệnh tai chảy mủ; đốt xác rắn thành than, trộn đều với phèn phi, băng phiến, thổi vào tai. Với trẻ sơ sinh viêm họng, đau họng dùng xà thoái thán, hòa với sữa, nhỏ vào họng. Ngoài ra còn dùng xác rắn chữa mụn nhọt, sang lở, da bị lở loét, trẻ con sài giật, quai bị. Ngoài các loại rắn trên, hiện nay còn dùng loại rắn biển để chữa các bệnh thấp khớp đau xương (Có thể dùng dưới dạng bột)","Cơ địa dị ứng không nên dùng.
Chú ý: Mật rắn có tác dụng chống viêm, giảm đau tốt, cần bảo quản khi chế biến. Khi chế biến rắn cần chú ý tránh nọc độc","Sách: ĐHY.Dược Học Cổ Truyền (NXB Y Học 2002) - Phạm Xuân Sinh,  trang 325"
H240,Sa sâm (bắc),Radix Glehniae,"Cam, khổ",Vi hàn,Âm,"Kim, Thổ",Thuốc bổ âm (dưỡng âm),"Phế, Vị","Công năng: Dưỡng âm thanh phế, dưỡng vị, sinh tân dịch, nhuộn tràng thông tiện
Chủ trị: Trị chức năng của phế âm suy kiệt, lúc sốt, lúc nóng, ho có đờm khó khạc ra, các bệnh của dạ dày do thương tổn phần âm dẫn đến biểu hiện họng khô ráo, lưỡi đỏ","Chú ý: Cần phân biệt với các cây cũng gọi là sa sâm như cây Adenophora verticillata Fisch, thuộc họ hoa chuông (còn gọi là tử diệp sa sâm), và cây tế diệp sa sâm Campanula vincaeflora Vent","Sách: ĐHY.Dược Học Cổ Truyền (NXB Y Học 2002) - Phạm Xuân Sinh,  trang 344"
H241,Sà sàng tử,Fructus Cnidii,"Tân, khổ",Ôn,Dương,Thủy,Thuốc dùng ngoài,Thận,"Công năng: Sát khuẩn chỉ ngứa, ôn thận tráng dương
Chủ trị: Dùng khi ngứa ngoài da, ngứa do côn trùng (mạt, dĩn..) cắn hoặc phụ nữ ngứa do trùng roi âm đạo, hoặc âm nang rất ngứa. Trong các trường hợp liệt dương, phụ nữ tử cung lạnh dẫn đến khó thụ thai","Những người âm hư, hỏa vượng không dùng","Sách: ĐHY.Dược Học Cổ Truyền (NXB Y Học 2002) - Phạm Xuân Sinh,  trang 388"
H242,Tam thất,Radix Pseudoginseng,"Khổ, vi cam",Ôn,Dương,"Mộc, Thủy",Thuốc chỉ huyết,"Can, Thận","Công năng: Hóa ứ chỉ huyết, hóa ứ chỉ thống, hóa ứ tiêu ung nhọt
Chủ trị: Dùng khi có chảy máu như bị thương chảy máu, hoặc ho ra máu, chảy máu cam, băng huyết, sau đẻ ra huyết nhiều, hoặc vừa có ứ huyết lại vừa xuất huyết. Các trường hợp huyết ứ mà dẫn đến đau đớn, chấn thương sưng đau do huyết tụ, huyết ứ hoặc ung nhọt sưng đau. Ngoài ra còn dùng khi bị rắn độc cắn. Với tính chất tiêu ung nhọt, ngày nay tam thấy được dùng nhiều chữa u xơ có kết quả","Những người huyết hư không có ứ trệ không dùng. Cần tránh nhầm lẫn với nhiều loại tam thất nam, hoặc cây khác giả tam thất","Sách: ĐHY.Dược Học Cổ Truyền (NXB Y Học 2002) - Phạm Xuân Sinh,  trang 303"
H243,Tang chi,Ramulus Mori,Khổ,Bình,Trung tính (Thiên Âm),"Kim, Thủy",Thuốc khử phong thấp,"Phế, Thận","Công năng: Trừ phong thấp, thông kinh lạc, chỉ ho, lợi thủy, sát khuẩn tiêu độc, hạ áp
Chủ trị: Trừ đau nhức ở tay và chân, hoặc tay bị co rút. Dùng đối với bệnh ho do hàn, tiểu tiện bí, đái dắt hoặc bị phù thũng. Bị cao huyết áp, có thể nấu nước tang chi, ngâm chân 20 phút trước khi đi ngủ",,"Sách: ĐHY.Dược Học Cổ Truyền (NXB Y Học 2002) - Phạm Xuân Sinh,  trang 320"
H244,Tang thầm (Quả dâu chín),Fructus Mori,"Cam, toan",Ôn,Dương,"Mộc, Thủy",Thuốc bổ huyết,"Can, Thận","Công năng: Dưỡng huyết, an thần, bổ gan, thận, sinh tân chỉ khát, nhuận tràng
Chủ trị: Dùng trong các bệnh thiếu máu, da xanh, người gầy, mặt mờ, chóng mặt, mất ngủ, hay các bệnh mà chức năng gan, thận suy, gây ù tai, di tinh. Khi cơ thể phiền khát, miệng và môi khô sáp, người lúc nào cũng háo, khát nước, dùng chữa bệnh đái đường, bệnh tràng nhạc, đại tiện bí táo. Ngoài ra, có thể dùng quả dâu chín chế thành sirô dâu, hoặc rượu dâu","Những người tỳ vị hư hàn, đại tiện lỏng không nên dùng","Sách: ĐHY.Dược Học Cổ Truyền (NXB Y Học 2002) - Phạm Xuân Sinh,  trang 316"
H245,Thạch hộc,Caulis Dendrobii,"Cam, đạm",Vi hàn,Âm,"Kim, Thổ, Thủy",Thuốc bổ âm (dưỡng âm),"Phế, Vị, Thận","Công năng: Thanh nhiệt sinh tân dịch, chỉ khát, tư âm dưỡng vị, trừ phong thấp
Chủ trị: Dùng trị các bệnh nhiệt, làm tổn thương đến tân dịch, biểu hiện miệng khô, lưỡi hồng, phần âm của vị không đủ, ăn uống không tiêu, lợi sưng phù loét, nôn khan, bệnh chân và đầu gối đau nhức","Những người tỳ vị dương hư, thấp trệ, rêu lưỡi đầy nhờn không nên dùng","Sách: ĐHY.Dược Học Cổ Truyền (NXB Y Học 2002) - Phạm Xuân Sinh,  trang 348"
H246,Thạch lưu bì,,"Toan, sáp",Ôn,Dương,"Thổ, Kim",Thuốc trừ giun sán,"Vị, Đại trường","Công năng: Khử trùng đối với sán dây, sán sơ mít, giun móc, giun đũa, thanh hầu họng, thanh thấp nhiệt
Chủ trị: Dùng trong bệnh đau họng, viêm amiđan, miệng lưỡi sinh viêm, viêm xoang miệng, bệnh lỵ, đau bụng, đại tiện lỏng lâu ngày","Chú ý: Dùng lá lựu tươi 940g - sắc rửa mắt khi viêm kết mạc cấp tính. Alcaloid trong rễ lựu có tác dụng trừ sán, nước sắc vỏ rễ, vỏ cành đều có tác dụng làm tê liệt các hoạt động của giun sán. Nước sắc rễ vỏ lựu có tác dụng sát khuẩn mạnh, với trực khuẩn thương hàn, vi khuẩn hắc loạn, tụ cầu khuẩn, trực khuẩn lao; ngoài ra còn ức chế nấm ngoài da","Sách: ĐHY.Dược Học Cổ Truyền (NXB Y Học 2002) - Phạm Xuân Sinh,  trang 386"
H247,Thạch quyết minh (Cửu khổng),Concha Haliotidis,Hàm,Bình hoặc Vi hàn,Trung tính (Thiên Âm),"Mộc, Kim",Thuốc bình can tắt phong,"Can, Phế","Công năng: Bình can tiềm dương, thanh can sáng mắt, chỉ thống
Chủ trị: Dùng trị các chứng bệnh do can thịnh mà dẫn đến đau đầu, chống mặt, mắt có màng mộng, thị lực giảm, chữa đau nhức xương",,"Sách: ĐHY.Dược Học Cổ Truyền (NXB Y Học 2002) - Phạm Xuân Sinh,  trang 256"
H248,Thanh bì,Pericarpium Citri reticulatae,"Khổ, tân",Ôn,Dương,Mộc,Thuốc phá khí giáng nghịch,"Can, Đởm","Công năng: Sơ can chỉ thống, hành khí giảm đau, kiện vị, thúc đẩy tiêu hóa, ăn ngon miệng
Chủ trị: Dùng khi can khí bị uất kết, dẫn đến đau sườn, đau dây thần kinh liên sườn, sán khí, viêm đau tinh hoàn thoát vị bẹn, tiêu hóa bất chấn, đầy bụng, khí trướng trong ruột, nuốt chua","Chú ý: Khi dùng cần chú ý phân biệt 2 vị thuốc thanh bì và trần bì, cùng nguồn gốc. Trần bì chủ thăng phù, chủ hành khí kiện vị, hóa đàm chỉ ho, táo thấp. Còn thanh bì chủ giáng, tác dụng chủ sơ can khí, tiêu tích trệ, đau sườn ngực","Sách: ĐHY.Dược Học Cổ Truyền (NXB Y Học 2002) - Phạm Xuân Sinh,  trang 281"
H249,Thanh đại (Bột chàm),Indigo pulverata levis,Khổ,Hàn,Âm,Mộc,Thuốc thanh nhiệt giải độc,Can,"Công năng: Thanh nhiệt độc, tán uất hỏa, giải độc sát khuẩn
Chủ trị: Dùng để trị các bệnh do kinh giản, sốt quá phát cuồng, hôn mê, bất tỉnh, thổ huyết, khái huyết (ho ra máu). Các bệnh lở loét, có thể dùng bột bôi trực tiếp vào các vết lở Có thể phối hợp với bột hùng hoàng để chữa rắn cắn. Chữa bệnh cam tẩu mã, còn dùng để giải độc khi bị dị ứng bởi sơn",Những người âm hư không có nhiệt thì không dùng,"Sách: ĐHY.Dược Học Cổ Truyền (NXB Y Học 2002) - Phạm Xuân Sinh,  trang 203"
H250,Thất diệp nhất chi hoa,Rhizoma Paridis chinensis,Khổ,Hàn (hơi có độc),Âm,"Mộc, Kim",Thuốc thanh nhiệt giải độc,"Can, Phế","Công năng: Thanh nhiệt giải độc, giảm đau, thanh thấp nhiệt can đởm, giải thử, thanh nhiệt giáng hỏa, chỉ kinh, khử đờm, bình suyễn
Chủ trị: Các trường hợp mụn nhọt, sưng đau, viêm họng, nhọt vú, bệnh tràng nhạc, chữa rắn cắn, lở tai, bệnh viêm gan vàng da, say nắng dẫn đến đau bụng quằn quại. Dùng đối với các trường hợp sốt cao hôn mê, co giật, do các bệnh viêm não dẫn đến, bệnh hen suyễn hoặc viêm phổi, lao phổi dùng dưới dạng bột mịn",Chú ý: Cây có ít độc khi dùng phải thận trọng,"Sách: ĐHY.Dược Học Cổ Truyền (NXB Y Học 2002) - Phạm Xuân Sinh,  trang 211"
H251,Thiên niên kiện (Sơn thục),Rhizoma Homalomenae,"Tân, cam",Ôn,Dương,"Mộc, Thủy",Thuốc khử phong thấp,"Can, Thận","Công năng: Trừ phong thấp, chỉ thống, thông kinh hoạt lạc, kích thích tiêu hóa
Chủ trị: Dùng trong các trường hợp phong hàn thấp tý đau nhức xương khớp, cơ nhục, đặc biệt các khớp vai, cổ, khí huyết ứ trệ dẫn đến tê dại, co quắp, đau dây thần kinh, dây chằng. Các bệnh tỳ vị hư hàn ăn uống kém tiêu","Chú ý: Vị thuốc có tác dụng trừ phong chỉ thống tương đối mạnh, nên có thể phối hợp với một số vị thuốc khác làm thuốc xoa bóp sưng khớp cơ nhục","Sách: ĐHY.Dược Học Cổ Truyền (NXB Y Học 2002) - Phạm Xuân Sinh,  trang 328"
H252,Thông thảo,,"Cam, đạm",Hàn,Âm,"Kim, Thổ",Thuốc lợi thấp,"Phế, Vị","Công năng: Lợi thấp, lợi niệu thông lâm, hành khí thông sữa
Chủ trị: Dùng cho trường hợp phù do thấp nhiệt, nước tiểu ít, nước tiểu đỏ, có thể dùng phối hợp với các thuốc lợi niệu khác. Dùng cho phụ nữ sau khi đẻ sữa ít, sữa tắc...",Những người không có thấp nhiệt không bí tiểu tiện không dùng,"Sách: ĐHY.Dược Học Cổ Truyền (NXB Y Học 2002) - Phạm Xuân Sinh,  trang 340"
H253,Thường sơn,"Radix Dichroae, Folium Dichroae",Khổ,Hàn (hơi có độc),Âm,"Kim, Hỏa, Mộc",Thuốc hóa đàm nhiệt,"Phế, Tâm, Can","Công năng: Làm cho đàm nôn ra và làm cho hết bí tích, bứt rứt, sát khuẩn
Chủ trị: Chữa sốt rét","Thể hư dùng phải thận trọng, phụ nữ có thai không nên dùng","Sách: ĐHY.Dược Học Cổ Truyền (NXB Y Học 2002) - Phạm Xuân Sinh,  trang 242"
H254,Tiểu hồi hương,Fructus Foeniculi,Tân,Nhiệt,Dương,"Mộc, Thủy, Thổ",Thuốc ôn trung,"Can, Thận, Tỳ, Vị","Công năng: Khử hàn, giảm đau, hành khí, tiêu ứ, làm ấm kinh
Chủ trị: Dùng khi đau bụng do lạnh, đau ruột non, viêm đau tinh hoàn, đầy bụng, nôn lợm, đại tiện lỏng, trừ khí hư bạch bới của phụ nữ","Những người có chứng nhiệt, hoặc âm hư hỏa vượng không nên dùng","Sách: ĐHY.Dược Học Cổ Truyền (NXB Y Học 2002) - Phạm Xuân Sinh,  trang 190"
H255,Toàn yết,Buthus,"Hàm, vi tân",Bình (có độc),Trung tính,Mộc,Thuốc bình can tắt phong,Can,"Công năng: Làm tắt phong chỉ kinh, hoạt lạc, giảm đau, giải độc mụn nhọt
Chủ trị: Dùng trong các bệnh trúng phong, bệnh phá thương phong (uốn ván), điên giản, chân tay, cơ thể bị co quắp, bệnh phong thấp, đau nhức xương khớp, chân tay tê mỏi, mình mẩy tê dại, đau nửa đầu hoặc đau ở đỉnh, đau dây thần kinh tọa, bệnh sang lở, nhọt độc","Những người bị co quắp, nhưng huyết hư, phụ nữ có thai thì không nên dùng. Khi dùng cần bỏ đầu, chân, sao vàng, tán mịn
Chú ý: Thuốc có tác dụng hưng phân huyết quản và tạng tâm, ức chế trung khu hô hấp","Sách: ĐHY.Dược Học Cổ Truyền (NXB Y Học 2002) - Phạm Xuân Sinh,  trang 261"
H256,Tông lư,Petiolus Caryotae,"Khổ, sáp",Bình,Trung tính (Thiên Âm),Thổ,Thuốc chỉ huyết,"Tỳ, Vị","Công năng: Chỉ huyết
Chủ trị: Dùng trong các bệnh xuất huyết bên trong, chảy máu cam, thổ ra huyết, phụ nữ băng huyết, đại tiểu tiện ra huyết, lỵ chảy máu mủ","Nếu có hiện tượng xuất huyết mà kèm theo ứ trệ thì không dùng
Chú ý: Khi dùng sao cháy","Sách: ĐHY.Dược Học Cổ Truyền (NXB Y Học 2002) - Phạm Xuân Sinh,  trang 308"
H257,Trầm hương,Lignum Aquilariae resinatum,"Tân, khổ",Ôn,Dương,"Thổ, Thủy",Thuốc phá khí giáng nghịch,"Tỳ, Vị, Thận","Công năng: Giáng khí bình suyễn, ôn trung, chỉ thống
Chủ trị: Dùng đối với trường hợp suyễn tức, nôn nấc, hàn ngưng khí trệ, bụng ngực đầy chướng, đau tức hai bên sườn",Những người khí hư và âm hư hỏa vượng không nên dùng,"Sách: ĐHY.Dược Học Cổ Truyền (NXB Y Học 2002) - Phạm Xuân Sinh,  trang 282"
H258,Trúc lịch,Succus Bambusae,Cam,Đại hàn,Âm,"Hỏa, Thổ",Thuốc hóa đàm nhiệt,"Tâm, Vị","Công năng: Khử đàm, khai bế, thanh nhiệt trừ phiền
Chủ trị: Dùng đối với bệnh trúng phong điên giản, đàm trệ hoặc đàm lưu ở kinh mạch mà dẫn đến tê dại, co quắp, hoặc đàm nhiệt ngưng lại ở phế mà dẫn đến ho hen, suyễn tức, khi cơ thể bị phiền nhiệt (do sốt mà bứt rứt khó chịu)",Nếu không có đàm nhiệt thì không nên dùng,"Sách: ĐHY.Dược Học Cổ Truyền (NXB Y Học 2002) - Phạm Xuân Sinh,  trang 240"
H259,Trúc nhự,Caulis Bambusae in Taemis,Cam,Vi hàn,Âm,"Kim, Mộc, Thổ",Thuốc hóa đàm nhiệt,"Phế, Can, Vị","Công năng: Khử đàm, trị ho, thanh vị cầm nôn
Chủ trị: Dùng cho các bệnh ho của đàm nhiệt, tâm hồi hộp, mất ngủ, nôn do phiền nhiệt","Những người tỳ vị hư hàn không nên dùng, khi dùng có thể dùng sống hoặc sao với nước gừng","Sách: ĐHY.Dược Học Cổ Truyền (NXB Y Học 2002) - Phạm Xuân Sinh,  trang 244"
H260,Xạ hương,Moschus,Tân,Ôn,Dương,"Hỏa, Thổ",Thuốc phương hương khai khiếu,"Tâm, Tỳ","Công năng: Khai khiếu tỉnh tỳ, khứ ứ huyết, giảm đau, thoái màng mộng, sáng mắt, trừ mủ, tiêu ung nhọt, thúc thai sản
Chủ trị: Dùng đối với bệnh trúng phong kinh giản, thần chí hôn mê, đàm dãi, tắc nút ở cổ họng, chấn thương sưng đau, cơ thịt sưng tấy, bệnh mắt có màng mộng, mờ mắt. Trường hợp thai bị chết lưu trong bụng, dùng tốt khi bị nhọt độc",Những người âm hư thể nhược và phụ nữ có thai không được dùng,"Sách: ĐHY.Dược Học Cổ Truyền (NXB Y Học 2002) - Phạm Xuân Sinh,  trang 272"
H261,Xuyên sơn giáp,Squama Manidis,Hàm,Hàn,Âm,"Hỏa, Thủy",Thuốc hoạt huyết,"Tâm, Thận","Công năng: Hoạt huyết thông kinh, thông sữa, lợi sữa, giải độc, trừ mủ, tiêu ung thũng
Chủ trị: Dùng trị bệnh kinh nguyệt không đều, phong thấp đau nhức, phụ nữ sau khi đẻ sữa tắc, ít sữa, mụn nhọt bắt đầu hoặc đã thành mủ và nhọt chưa vỡ. Chữa trĩ ra máu mũ, ngoài ra còn dùng trị bệnh sốt rét",,"Sách: ĐHY.Dược Học Cổ Truyền (NXB Y Học 2002) - Phạm Xuân Sinh,  trang 292"
H262,Xuyên tâm liêu,Herba Andrographitis,Khổ,Hàn,Âm,"Kim, Mộc, Thổ",Thuốc thanh nhiệt giải độc,"Phế, Can, Tỳ","Công năng: Thanh nhiệt giải độc, thanh trường chỉ lỵ, thanh phế, chỉ khái, lợi hầu họng, thanh nhiệt táo thấp
Chủ trị: Dùng trong các bệnh mụn nhọt ung thũng, đinh độc, rắn độc cắn, có thể uống trong hoặc dùng ngoài dưới dạng thuốc đắp, thuốc ngâm, rửa. Khi viêm ruột, lỵ, bệnh viêm họng, viêm amiđan, ngoài ra còn được dùng trong bệnh ho lao, ho gà, viêm đường tiết niệu, can đởm thấp nhiệt, viêm gan virus","Chú ý: Vị thuốc rất đắng, không nên dùng thời gian dài, ảnh hưởng tới ăn uống. Đã có dạng thuốc viên, thuốc tiêm xuyên tâm liên","Sách: ĐHY.Dược Học Cổ Truyền (NXB Y Học 2002) - Phạm Xuân Sinh,  trang 211"
